Manufacturer,Screen Size,Pixel,Motion Rate,Overall Rating,Video Quality,Sound quality,Appearance,Number of Features,Ease of Set up,Life Span,Expert Overall Rating,"size=26""","size=32""","size=36""","size=40""","size=42""","size=46""","size=49""","size=52""","size=55""","size=60""",motionrate=120,motionrate=240,motionrate=600,Pixel=1080,Selling Price,Yearly units sold in US
LG,19,60,720,3.71,3.34,4.12,3.61,4.33,3.38,2.99,3.63,0,0,0,0,0,0,0,0,0,0,0,0,0,0,$430.00,16041
LG,19,60,1080,3.66,3.3,4.07,4.12,4.55,4.08,3.04,3.42,0,0,0,0,0,0,0,0,0,0,0,0,0,1,$535.00,16364
LG,19,120,720,3.72,3.38,4.37,4.07,4.11,3.4,3.13,3.77,0,0,0,0,0,0,0,0,0,0,1,0,0,0,$495.00,15998
LG,19,120,1080,3.71,3.37,4.16,4.25,4.14,3.37,3.29,3.56,0,0,0,0,0,0,0,0,0,0,1,0,0,1,$540.00,16214
LG,19,240,720,3.62,3.54,4.57,4.1,4.23,3.76,3.13,4.06,0,0,0,0,0,0,0,0,0,0,0,1,0,0,$545.00,16343
LG,19,240,1080,3.69,3.37,4.2,4.33,4.13,3.58,3.21,3.53,0,0,0,0,0,0,0,0,0,0,0,1,0,1,$620.00,16183
LG,19,600,720,3.29,3.52,4.57,3.35,3.82,3.12,3.18,3.73,0,0,0,0,0,0,0,0,0,0,0,0,1,0,$610.00,15555
LG,19,600,1080,3.51,3.52,3.71,3.86,4.34,3.92,3.17,4.11,0,0,0,0,0,0,0,0,0,0,0,0,1,1,$640.00,16396
LG,26,60,720,3.67,3.65,4.27,3.84,3.77,3.81,3.23,3.91,1,0,0,0,0,0,0,0,0,0,0,0,0,0,$490.00,17005
LG,26,60,1080,3.28,3.36,4.26,3.93,4.11,4.09,3.33,3.7,1,0,0,0,0,0,0,0,0,0,0,0,0,1,$580.00,17040
LG,26,120,720,3.5,3.35,4.59,4.27,3.78,3.69,3.11,3.8,1,0,0,0,0,0,0,0,0,0,1,0,0,0,$555.00,16880
LG,26,120,1080,3.44,3.57,4.25,3.75,4.59,3.81,3.07,4.18,1,0,0,0,0,0,0,0,0,0,1,0,0,1,$615.00,17358
LG,26,240,720,3.87,3.33,4.56,4.03,4.23,3.25,3.12,3.98,1,0,0,0,0,0,0,0,0,0,0,1,0,0,$605.00,16735
LG,26,240,1080,3.64,3.22,4.58,3.38,4.34,4.16,3.07,3.43,1,0,0,0,0,0,0,0,0,0,0,1,0,1,$665.00,17015
LG,26,600,720,3.83,3.41,4.08,3.68,4.12,4.31,2.87,3.74,1,0,0,0,0,0,0,0,0,0,0,0,1,0,$610.00,17129
LG,26,600,1080,3.69,3.45,3.96,4.23,4.68,3.49,3.09,3.91,1,0,0,0,0,0,0,0,0,0,0,0,1,1,$730.00,17181
LG,32,60,720,3.8,3.36,4.37,3.43,4.08,3.39,3.12,3.39,0,1,0,0,0,0,0,0,0,0,0,0,0,0,$550.00,17586
LG,32,60,1080,3.47,3.36,4.04,4.37,4.55,3.9,3.06,3.76,0,1,0,0,0,0,0,0,0,0,0,0,0,1,$640.00,18146
LG,32,120,720,3.53,3.26,4.17,3.8,4.55,3.26,3.08,3.69,0,1,0,0,0,0,0,0,0,0,1,0,0,0,$585.00,17639
LG,32,120,1080,3.31,3.57,4.09,4.11,4.04,3.65,3.22,3.76,0,1,0,0,0,0,0,0,0,0,1,0,0,1,$675.00,17888
LG,32,240,720,3.62,3.42,4.22,3.6,4.33,3.56,3.11,3.54,0,1,0,0,0,0,0,0,0,0,0,1,0,0,$665.00,17590
LG,32,240,1080,4.42,3.35,4.32,4.18,4.24,3.85,3.1,3.33,0,1,0,0,0,0,0,0,0,0,0,1,0,1,$740.00,17992
LG,32,600,720,3.53,3.44,4.34,3.95,4.83,3.01,3.03,3.49,0,1,0,0,0,0,0,0,0,0,0,0,1,0,$700.00,17760
LG,32,600,1080,3.49,3.48,4.23,4.33,3.9,3.64,3.04,4.07,0,1,0,0,0,0,0,0,0,0,0,0,1,1,$745.00,17854
LG,36,60,720,3.76,3.3,4.01,3.79,3.72,3.68,3.09,3.67,0,0,1,0,0,0,0,0,0,0,0,0,0,0,$595.00,21426
LG,36,60,1080,3.03,3.42,4.03,3.73,4.29,3.07,3.11,3.51,0,0,1,0,0,0,0,0,0,0,0,0,0,1,$685.00,21481
LG,36,120,720,3.84,3.35,4.26,3.72,3.91,3.55,3.14,3.99,0,0,1,0,0,0,0,0,0,0,1,0,0,0,$675.00,21363
LG,36,120,1080,3.25,3.57,3.76,4.54,4.02,3.79,3.26,3.88,0,0,1,0,0,0,0,0,0,0,1,0,0,1,$720.00,21850
LG,36,240,720,3.67,3.42,3.97,3.85,4.3,3.22,3.24,3.53,0,0,1,0,0,0,0,0,0,0,0,1,0,0,$695.00,21433
LG,36,240,1080,3.58,3.29,3.89,3.47,3.81,3.51,2.98,3.91,0,0,1,0,0,0,0,0,0,0,0,1,0,1,$785.00,21235
LG,36,600,720,3.48,3.39,4.13,4.23,4.52,3.66,3.28,3.92,0,0,1,0,0,0,0,0,0,0,0,0,1,0,$775.00,21683
LG,36,600,1080,3.28,3.44,4.3,3.96,4.33,3.44,3,3.55,0,0,1,0,0,0,0,0,0,0,0,0,1,1,$835.00,21586
LG,40,60,720,3.63,3.61,4.67,3.84,4.63,4.07,3.36,3.81,0,0,0,1,0,0,0,0,0,0,0,0,0,0,$670.00,16948
LG,40,60,1080,3.84,3.4,4.2,4.11,4.11,3.83,3.12,3.63,0,0,0,1,0,0,0,0,0,0,0,0,0,1,$775.00,16533
LG,40,120,720,3.7,3.46,3.99,4.22,4.47,3.43,3.06,3.95,0,0,0,1,0,0,0,0,0,0,1,0,0,0,$735.00,16469
LG,40,120,1080,3.92,3.52,4.11,3.76,3.86,3.7,2.9,3.45,0,0,0,1,0,0,0,0,0,0,1,0,0,1,$765.00,16552
LG,40,240,720,3.08,3.45,4.29,3.98,4.27,3.94,3.06,3.62,0,0,0,1,0,0,0,0,0,0,0,1,0,0,$755.00,16510
LG,40,240,1080,3.51,3.31,4.4,3.86,4.54,3.67,3.25,3.86,0,0,0,1,0,0,0,0,0,0,0,1,0,1,$815.00,16607
LG,40,600,720,3.09,3.38,4.11,3.78,4.01,3.77,3.06,3.68,0,0,0,1,0,0,0,0,0,0,0,0,1,0,$820.00,16057
LG,40,600,1080,3.53,3.33,4.2,4.09,4.23,3.79,3.05,3.82,0,0,0,1,0,0,0,0,0,0,0,0,1,1,$895.00,16516
LG,42,60,720,3.66,3.47,4.44,4.17,4.69,3.82,2.97,4.05,0,0,0,0,1,0,0,0,0,0,0,0,0,0,$730.00,23654
LG,42,60,1080,3.27,3.55,4.24,3.54,3.96,3.2,2.98,3.61,0,0,0,0,1,0,0,0,0,0,0,0,0,1,$790.00,23151
LG,42,120,720,3.88,3.4,4.22,4.28,3.87,3.4,3.04,3.48,0,0,0,0,1,0,0,0,0,0,1,0,0,0,$780.00,23120
LG,42,120,1080,3.36,3.51,4.13,3.99,4.48,3.49,3.14,4.01,0,0,0,0,1,0,0,0,0,0,1,0,0,1,$855.00,23476
LG,42,240,720,3.69,3.33,4.12,3.88,4.19,3.12,2.89,3.61,0,0,0,0,1,0,0,0,0,0,0,1,0,0,$815.00,22996
LG,42,240,1080,3.4,3.42,4.41,3.47,3.87,3.18,3.17,3.76,0,0,0,0,1,0,0,0,0,0,0,1,0,1,$890.00,22988
LG,42,600,720,3.27,3.38,4.09,3.87,3.93,3.71,3.05,3.58,0,0,0,0,1,0,0,0,0,0,0,0,1,0,$880.00,22867
LG,42,600,1080,3.28,3.56,4.19,3.93,4.3,3.71,3.18,3.39,0,0,0,0,1,0,0,0,0,0,0,0,1,1,$970.00,23325
LG,46,60,720,3.06,3.43,3.99,3.98,4.27,3.88,3.1,3.51,0,0,0,0,0,1,0,0,0,0,0,0,0,0,$790.00,27631
LG,46,60,1080,3.96,3.48,4.32,3.82,4.09,3.71,3.06,3.96,0,0,0,0,0,1,0,0,0,0,0,0,0,1,$880.00,27739
LG,46,120,720,2.77,3.37,4.25,4.23,4.27,3.37,3.15,3.62,0,0,0,0,0,1,0,0,0,0,1,0,0,0,$840.00,27437
LG,46,120,1080,3.11,3.34,4.29,4.42,4.37,3.6,3.15,3.67,0,0,0,0,0,1,0,0,0,0,1,0,0,1,$930.00,27626
LG,46,240,720,2.9,3.44,4.19,4.32,3.98,3.39,3.3,3.76,0,0,0,0,0,1,0,0,0,0,0,1,0,0,$905.00,27311
LG,46,240,1080,3.1,3.32,4.05,3.88,4.1,3.86,2.97,3.94,0,0,0,0,0,1,0,0,0,0,0,1,0,1,$980.00,27402
LG,46,600,720,2.66,3.26,4.18,4.05,3.98,3.15,3.03,3.73,0,0,0,0,0,1,0,0,0,0,0,0,1,0,$955.00,26940
LG,46,600,1080,3.68,3.37,3.94,4.07,4.6,3.86,2.98,3.65,0,0,0,0,0,1,0,0,0,0,0,0,1,1,"$1,000.00",27849
LG,49,60,720,3.51,3.56,4.13,3.76,3.82,3.75,3.04,3.53,0,0,0,0,0,0,1,0,0,0,0,0,0,0,$865.00,14316
LG,49,60,1080,3.19,3.36,4.66,3.95,4.68,3.83,3.05,3.82,0,0,0,0,0,0,1,0,0,0,0,0,0,1,$910.00,14832
LG,49,120,720,3.11,3.42,4.53,3.77,4.03,3.43,3.06,3.28,0,0,0,0,0,0,1,0,0,0,1,0,0,0,$900.00,14155
LG,49,120,1080,3.1,3.34,4.37,3.97,4.2,3.66,3.05,3.47,0,0,0,0,0,0,1,0,0,0,1,0,0,1,$975.00,14332
LG,49,240,720,3.42,3.19,4.29,4.43,4.49,3.59,3.05,3.85,0,0,0,0,0,0,1,0,0,0,0,1,0,0,$950.00,14396
LG,49,240,1080,2.89,3.4,4.37,3.89,4.42,3.15,3.08,3.79,0,0,0,0,0,0,1,0,0,0,0,1,0,1,"$1,055.00",14263
LG,49,600,720,3.62,3.57,4.28,3.73,4.1,3.75,3.14,3.44,0,0,0,0,0,0,1,0,0,0,0,0,1,0,"$1,015.00",14165
LG,49,600,1080,3.47,3.37,4.39,4.36,4.47,3.73,3.21,3.81,0,0,0,0,0,0,1,0,0,0,0,0,1,1,"$1,060.00",14685
LG,52,60,720,3.4,3.28,4.44,4.21,3.85,3.38,3.06,3.79,0,0,0,0,0,0,0,1,0,0,0,0,0,0,$940.00,13202
LG,52,60,1080,3.7,3.3,4,3.79,4.61,3.97,3.28,3.46,0,0,0,0,0,0,0,1,0,0,0,0,0,1,$970.00,14042
LG,52,120,720,3.6,3.44,4.16,3.73,4.55,3.07,3.19,3.69,0,0,0,0,0,0,0,1,0,0,1,0,0,0,$975.00,13564
LG,52,120,1080,3.4,3.36,4.19,4.37,4.21,3.48,3.22,4.02,0,0,0,0,0,0,0,1,0,0,1,0,0,1,"$1,050.00",13637
LG,52,240,720,3.51,3.5,4.09,3.96,4.32,3.48,3,3.6,0,0,0,0,0,0,0,1,0,0,0,1,0,0,$995.00,13696
LG,52,240,1080,3.46,3.37,4,4.01,4.49,3.39,2.92,3.43,0,0,0,0,0,0,0,1,0,0,0,1,0,1,"$1,085.00",13704
LG,52,600,720,3.31,3.19,4.45,4.05,4.1,3.4,3.13,3.73,0,0,0,0,0,0,0,1,0,0,0,0,1,0,"$1,060.00",13340
LG,52,600,1080,3.83,3.36,4.33,3.76,4.36,3.74,3.13,3.59,0,0,0,0,0,0,0,1,0,0,0,0,1,1,"$1,135.00",13756
LG,55,60,720,3.86,3.47,4.02,4.28,4.41,3.34,2.93,3.63,0,0,0,0,0,0,0,0,1,0,0,0,0,0,$955.00,12758
LG,55,60,1080,3.52,3.5,3.99,4.66,4.31,3.62,2.95,3.78,0,0,0,0,0,0,0,0,1,0,0,0,0,1,"$1,045.00",12983
LG,55,120,720,3.19,3.53,4.29,3.2,3.77,3.47,3.14,3.69,0,0,0,0,0,0,0,0,1,0,1,0,0,0,"$1,020.00",12209
LG,55,120,1080,3.15,3.5,4.06,4.01,4.1,3.56,3.2,3.62,0,0,0,0,0,0,0,0,1,0,1,0,0,1,"$1,110.00",12506
LG,55,240,720,3.58,3.51,3.96,4.23,3.61,4.18,3.24,3.49,0,0,0,0,0,0,0,0,1,0,0,1,0,0,"$1,070.00",12563
LG,55,240,1080,3.42,3.59,4.15,3.71,4.09,3.44,3.01,3.54,0,0,0,0,0,0,0,0,1,0,0,1,0,1,"$1,160.00",12529
LG,55,600,720,3.26,3.55,4.03,3.98,3.96,3.87,3.16,3.5,0,0,0,0,0,0,0,0,1,0,0,0,1,0,"$1,090.00",12594
LG,55,600,1080,3.54,3.42,4.37,4,4.17,3.61,3.16,3.58,0,0,0,0,0,0,0,0,1,0,0,0,1,1,"$1,210.00",12565
LG,60,60,720,3.14,3.35,4.66,3.77,4.31,3.61,3.1,4.05,0,0,0,0,0,0,0,0,0,1,0,0,0,0,"$1,060.00",9230
LG,60,60,1080,3.6,3.37,3.86,4.16,4.45,3.03,2.99,3.73,0,0,0,0,0,0,0,0,0,1,0,0,0,1,"$1,105.00",9285
LG,60,120,720,3.02,3.47,4.37,4.31,4.16,3.91,2.99,3.59,0,0,0,0,0,0,0,0,0,1,1,0,0,0,"$1,110.00",9413
LG,60,120,1080,2.76,3.52,4.28,4.02,4.21,3.65,3.17,3.67,0,0,0,0,0,0,0,0,0,1,1,0,0,1,"$1,155.00",9399
LG,60,240,720,3.44,3.38,4.03,4.06,4.5,3.47,2.93,3.75,0,0,0,0,0,0,0,0,0,1,0,1,0,0,"$1,115.00",9326
LG,60,240,1080,3.21,3.55,4.39,3.79,4.59,3.61,3.07,3.76,0,0,0,0,0,0,0,0,0,1,0,1,0,1,"$1,220.00",9571
LG,60,600,720,3.96,3.33,4.02,4.29,4.27,3.57,3.11,3.76,0,0,0,0,0,0,0,0,0,1,0,0,1,0,"$1,195.00",9226
LG,60,600,1080,3.91,3.35,3.82,3.92,4.46,4.15,3.21,3.92,0,0,0,0,0,0,0,0,0,1,0,0,1,1,"$1,240.00",9622
Panasonic,19,60,720,3.95,4.32,3.55,3.65,3.93,4.16,4.6,4.16,0,0,0,0,0,0,0,0,0,0,0,0,0,0,$475.00,16777
Panasonic,19,60,1080,4.21,4.43,3.31,3.47,3.71,4.19,4.67,4.02,0,0,0,0,0,0,0,0,0,0,0,0,0,1,$550.00,16822
Panasonic,19,120,720,4.17,4.54,3.27,3.45,3.53,4.34,4.51,4.14,0,0,0,0,0,0,0,0,0,0,1,0,0,0,$525.00,16608
Panasonic,19,120,1080,3.66,4.44,3.61,3.71,3.99,4.61,4.49,4.04,0,0,0,0,0,0,0,0,0,0,1,0,0,1,$570.00,17191
Panasonic,19,240,720,3.54,4.49,3.81,3.42,3.82,4.34,4.59,4.13,0,0,0,0,0,0,0,0,0,0,0,1,0,0,$590.00,16602
Panasonic,19,240,1080,3.67,4.24,3.16,3.79,3.74,4.69,4.57,4.22,0,0,0,0,0,0,0,0,0,0,0,1,0,1,$665.00,16692
Panasonic,19,600,720,3.58,4.47,3.41,3.71,3.89,3.59,4.72,4.23,0,0,0,0,0,0,0,0,0,0,0,0,1,0,$640.00,16344
Panasonic,19,600,1080,4.02,4.61,3.48,3.61,4.1,4.07,4.66,4.16,0,0,0,0,0,0,0,0,0,0,0,0,1,1,$685.00,16968
Panasonic,26,60,720,3.88,4.45,3.1,3.55,3.92,4.27,4.65,4.17,1,0,0,0,0,0,0,0,0,0,0,0,0,0,$535.00,17701
Panasonic,26,60,1080,3.89,4.25,3.67,3.62,3.86,3.95,4.46,4.21,1,0,0,0,0,0,0,0,0,0,0,0,0,1,$625.00,17514
Panasonic,26,120,720,3.59,4.38,3.42,4.26,3.88,3.82,4.5,4.29,1,0,0,0,0,0,0,0,0,0,1,0,0,0,$615.00,17348
Panasonic,26,120,1080,4.23,4.35,3.88,3.53,3.82,4.39,4.62,4.46,1,0,0,0,0,0,0,0,0,0,1,0,0,1,$630.00,17797
Panasonic,26,240,720,4.13,4.44,3.42,3.24,3.57,4.38,4.57,4.32,1,0,0,0,0,0,0,0,0,0,0,1,0,0,$650.00,17373
Panasonic,26,240,1080,3.97,4.44,3.58,3.93,4.04,4.29,4.73,4.14,1,0,0,0,0,0,0,0,0,0,0,1,0,1,$710.00,17902
Panasonic,26,600,720,4.31,4.44,3.27,3.67,4.22,4.32,4.73,4.32,1,0,0,0,0,0,0,0,0,0,0,0,1,0,$670.00,17757
Panasonic,26,600,1080,3.74,4.36,3.38,3.42,3.64,3.94,4.54,4.15,1,0,0,0,0,0,0,0,0,0,0,0,1,1,$775.00,17191
Panasonic,32,60,720,4.12,4.34,3.27,4.07,4.38,4.05,4.69,3.84,0,1,0,0,0,0,0,0,0,0,0,0,0,0,$595.00,18670
Panasonic,32,60,1080,4.1,4.34,3.58,3.66,3.75,4.17,4.74,3.73,0,1,0,0,0,0,0,0,0,0,0,0,0,1,$685.00,18368
Panasonic,32,120,720,4.1,4.49,3.76,3.61,3.73,3.99,4.63,3.86,0,1,0,0,0,0,0,0,0,0,1,0,0,0,$615.00,18442
Panasonic,32,120,1080,3.78,4.21,3.38,3.39,3.53,4.3,4.76,4.15,0,1,0,0,0,0,0,0,0,0,1,0,0,1,$735.00,18105
Panasonic,32,240,720,4.1,4.38,3.59,3.34,3.56,4.91,4.71,4.08,0,1,0,0,0,0,0,0,0,0,0,1,0,0,$725.00,18233
Panasonic,32,240,1080,3.85,4.43,3.4,3.2,3.51,4.06,4.62,4.06,0,1,0,0,0,0,0,0,0,0,0,1,0,1,$755.00,18084
Panasonic,32,600,720,3.73,4.33,3.52,3.47,3.91,4.39,4.69,4.21,0,1,0,0,0,0,0,0,0,0,0,0,1,0,$745.00,18199
Panasonic,32,600,1080,3.64,4.45,3.74,3.34,4.28,3.89,4.62,4.07,0,1,0,0,0,0,0,0,0,0,0,0,1,1,$805.00,18466
Panasonic,36,60,720,4.31,4.39,3.52,3.68,3.96,4.6,4.56,4.07,0,0,1,0,0,0,0,0,0,0,0,0,0,0,$655.00,22501
Panasonic,36,60,1080,3.75,4.31,3.29,3.49,4.06,3.91,4.64,4.32,0,0,1,0,0,0,0,0,0,0,0,0,0,1,$715.00,22333
Panasonic,36,120,720,3.95,4.42,3.33,3.9,4.2,4.26,4.6,4.36,0,0,1,0,0,0,0,0,0,0,1,0,0,0,$705.00,22329
Panasonic,36,120,1080,3.64,4.37,3.47,3.85,3.05,4.01,4.56,4.69,0,0,1,0,0,0,0,0,0,0,1,0,0,1,$780.00,21869
Panasonic,36,240,720,3.91,4.36,3.46,3.58,3.75,4.35,4.78,4.26,0,0,1,0,0,0,0,0,0,0,0,1,0,0,$725.00,22196
Panasonic,36,240,1080,3.03,4.33,3.33,3.49,3.91,4.2,4.62,4.21,0,0,1,0,0,0,0,0,0,0,0,1,0,1,$830.00,22076
Panasonic,36,600,720,3.67,4.41,3.54,3.78,4.02,4.19,4.87,4.09,0,0,1,0,0,0,0,0,0,0,0,0,1,0,$820.00,22135
Panasonic,36,600,1080,3.57,4.22,3.75,3.32,3.41,5,4.57,4.16,0,0,1,0,0,0,0,0,0,0,0,0,1,1,$865.00,22092
Panasonic,40,60,720,3.7,4.36,3.45,3.68,3.5,4.01,4.66,4.19,0,0,0,1,0,0,0,0,0,0,0,0,0,0,$730.00,16716
Panasonic,40,60,1080,3.94,4.35,3.46,3.42,4.04,4.19,4.76,3.85,0,0,0,1,0,0,0,0,0,0,0,0,0,1,$805.00,17114
Panasonic,40,120,720,3.9,4.31,3.06,3.47,3.77,5,4.87,4.15,0,0,0,1,0,0,0,0,0,0,1,0,0,0,$780.00,17034
Panasonic,40,120,1080,4.58,4.47,3.35,3.42,3.97,3.86,4.63,4.35,0,0,0,1,0,0,0,0,0,0,1,0,0,1,$840.00,17103
Panasonic,40,240,720,3.83,4.33,3.22,3.67,3.51,4.37,4.52,4.09,0,0,0,1,0,0,0,0,0,0,0,1,0,0,$785.00,16903
Panasonic,40,240,1080,3.92,4.45,3.42,3.39,3.31,3.88,4.68,4.3,0,0,0,1,0,0,0,0,0,0,0,1,0,1,$875.00,16701
Panasonic,40,600,720,3.53,4.5,3.61,3.34,4.03,4.51,4.47,4.4,0,0,0,1,0,0,0,0,0,0,0,0,1,0,$880.00,16943
Panasonic,40,600,1080,3.86,4.38,3.8,3.66,4.16,4.3,4.57,4.42,0,0,0,1,0,0,0,0,0,0,0,0,1,1,$940.00,17130
Panasonic,42,60,720,3.6,4.43,3.86,3.47,4.29,4.4,4.63,4.36,0,0,0,0,1,0,0,0,0,0,0,0,0,0,$775.00,24122
Panasonic,42,60,1080,4.01,4.46,3.48,3.62,3.34,4.12,4.75,3.75,0,0,0,0,1,0,0,0,0,0,0,0,0,1,$850.00,23737
Panasonic,42,120,720,4.26,4.39,3.44,3.48,3.4,4.27,4.74,4.09,0,0,0,0,1,0,0,0,0,0,1,0,0,0,$810.00,23618
Panasonic,42,120,1080,4.12,4.45,3.66,3.6,3.36,4.64,4.6,4.38,0,0,0,0,1,0,0,0,0,0,1,0,0,1,$885.00,23910
Panasonic,42,240,720,3.79,4.27,3.6,3.04,3.79,3.52,4.69,4.28,0,0,0,0,1,0,0,0,0,0,0,1,0,0,$845.00,23448
Panasonic,42,240,1080,3.51,4.51,3.65,3.64,3.62,3.71,4.57,4.2,0,0,0,0,1,0,0,0,0,0,0,1,0,1,$935.00,23809
Panasonic,42,600,720,4.44,4.3,3.66,3.92,4.19,4.32,4.67,4.29,0,0,0,0,1,0,0,0,0,0,0,0,1,0,$925.00,23967
Panasonic,42,600,1080,4.62,4.22,3.2,3.76,3.36,4,4.79,4.43,0,0,0,0,1,0,0,0,0,0,0,0,1,1,"$1,030.00",23540
Panasonic,46,60,720,4.04,4.54,3.61,3.73,3.28,4.11,4.62,4.23,0,0,0,0,0,1,0,0,0,0,0,0,0,0,$850.00,28062
Panasonic,46,60,1080,3.7,4.39,3.48,3.5,3.86,3.75,4.57,4.05,0,0,0,0,0,1,0,0,0,0,0,0,0,1,$895.00,28208
Panasonic,46,120,720,4.36,4.44,3.35,3.59,4.16,3.93,4.55,4.16,0,0,0,0,0,1,0,0,0,0,1,0,0,0,$855.00,28410
Panasonic,46,120,1080,3.82,4.36,3.36,3.6,3.56,4.08,4.67,4.16,0,0,0,0,0,1,0,0,0,0,1,0,0,1,$990.00,27926
Panasonic,46,240,720,3.86,4.3,3.76,3.57,3.42,3.98,4.73,4.38,0,0,0,0,0,1,0,0,0,0,0,1,0,0,$950.00,27782
Panasonic,46,240,1080,4.27,4.09,3.34,3.38,3.76,3.94,4.81,4.28,0,0,0,0,0,1,0,0,0,0,0,1,0,1,"$1,025.00",27853
Panasonic,46,600,720,3.58,4.46,3.25,3.48,3.31,4.07,4.61,4.31,0,0,0,0,0,1,0,0,0,0,0,0,1,0,"$1,015.00",27539
Panasonic,46,600,1080,3.41,4.37,3.54,3.52,3.81,3.92,4.62,4.23,0,0,0,0,0,1,0,0,0,0,0,0,1,1,"$1,045.00",27972
Panasonic,49,60,720,4.13,4.38,3.9,3.45,4.05,4.6,4.54,4.13,0,0,0,0,0,0,1,0,0,0,0,0,0,0,$895.00,15230
Panasonic,49,60,1080,4.12,4.44,3.51,3.72,3.87,3.9,4.76,4.21,0,0,0,0,0,0,1,0,0,0,0,0,0,1,$955.00,15272
Panasonic,49,120,720,4.03,4.26,3.56,4.06,3.23,4.75,4.59,4.24,0,0,0,0,0,0,1,0,0,0,1,0,0,0,$930.00,14968
Panasonic,49,120,1080,4.15,4.33,3.31,3.29,3.64,4.09,4.55,3.92,0,0,0,0,0,0,1,0,0,0,1,0,0,1,"$1,020.00",14859
Panasonic,49,240,720,4.32,4.51,3.83,3.58,3.71,3.76,4.82,4.24,0,0,0,0,0,0,1,0,0,0,0,1,0,0,$995.00,14913
Panasonic,49,240,1080,4.29,4.46,3.52,3.26,4.34,4.01,4.68,4.39,0,0,0,0,0,0,1,0,0,0,0,1,0,1,"$1,085.00",15145
Panasonic,49,600,720,3.83,4.27,3.61,3.81,4.07,4.48,4.67,4.18,0,0,0,0,0,0,1,0,0,0,0,0,1,0,"$1,075.00",14852
Panasonic,49,600,1080,4.24,4.18,3.31,3.83,3.78,4.52,4.5,4.51,0,0,0,0,0,0,1,0,0,0,0,0,1,1,"$1,120.00",14961
Panasonic,52,60,720,4.05,4.34,3.67,3.22,4.19,4.25,4.64,4.31,0,0,0,0,0,0,0,1,0,0,0,0,0,0,$970.00,14245
Panasonic,52,60,1080,3.85,4.42,3.58,3.94,3.49,4.29,4.65,4.12,0,0,0,0,0,0,0,1,0,0,0,0,0,1,"$1,030.00",14385
Panasonic,52,120,720,3.64,4.49,3.27,3.33,3.7,4.39,4.49,4.17,0,0,0,0,0,0,0,1,0,0,1,0,0,0,"$1,035.00",14044
Panasonic,52,120,1080,4.19,4.41,3.51,3.6,4.22,3.76,4.58,4.14,0,0,0,0,0,0,0,1,0,0,1,0,0,1,"$1,095.00",14298
Panasonic,52,240,720,3.89,4.29,3.41,3.77,4.25,4.03,4.56,4.25,0,0,0,0,0,0,0,1,0,0,0,1,0,0,"$1,040.00",14277
Panasonic,52,240,1080,4.01,4.43,3.52,3.58,4.02,3.65,4.65,4.35,0,0,0,0,0,0,0,1,0,0,0,1,0,1,"$1,130.00",14187
Panasonic,52,600,720,3.76,4.28,3.45,4.01,3.95,4.07,4.5,4.14,0,0,0,0,0,0,0,1,0,0,0,0,1,0,"$1,120.00",14034
Panasonic,52,600,1080,3.53,4.3,3.46,4.1,3.62,4.48,4.71,4.29,0,0,0,0,0,0,0,1,0,0,0,0,1,1,"$1,180.00",14309
Panasonic,55,60,720,4.05,4.33,3.29,3.58,4.02,4.42,4.78,4.55,0,0,0,0,0,0,0,0,1,0,0,0,0,0,"$1,015.00",13418
Panasonic,55,60,1080,3.98,4.28,3.44,3.17,3.55,4.89,4.57,4.39,0,0,0,0,0,0,0,0,1,0,0,0,0,1,"$1,090.00",13220
Panasonic,55,120,720,4.36,4.37,3.65,3.48,3.97,4.25,4.6,4.37,0,0,0,0,0,0,0,0,1,0,1,0,0,0,"$1,080.00",13192
Panasonic,55,120,1080,4.24,4.31,3.85,3.38,3.88,3.55,4.65,4.04,0,0,0,0,0,0,0,0,1,0,1,0,0,1,"$1,140.00",13081
Panasonic,55,240,720,4.32,4.37,3.27,3.4,4.14,4.71,4.72,4.09,0,0,0,0,0,0,0,0,1,0,0,1,0,0,"$1,115.00",13388
Panasonic,55,240,1080,3.78,4.35,3.98,3.32,3.67,4.58,4.65,4.25,0,0,0,0,0,0,0,0,1,0,0,1,0,1,"$1,220.00",13087
Panasonic,55,600,720,3.72,4.36,3.81,3.57,3.99,4.03,4.64,4.18,0,0,0,0,0,0,0,0,1,0,0,0,1,0,"$1,150.00",13124
Panasonic,55,600,1080,3.62,4.35,3.53,3.97,4.04,4.27,4.55,3.87,0,0,0,0,0,0,0,0,1,0,0,0,1,1,"$1,225.00",13256
Panasonic,60,60,720,4.15,4.52,3.44,3.41,3.53,4.43,4.58,3.9,0,0,0,0,0,0,0,0,0,1,0,0,0,0,"$1,075.00",10064
Panasonic,60,60,1080,4.84,4.46,3.36,3.49,3.85,4.32,4.66,4.41,0,0,0,0,0,0,0,0,0,1,0,0,0,1,"$1,135.00",10282
Panasonic,60,120,720,4.22,4.41,3.67,3.78,4.28,4.41,4.77,4.05,0,0,0,0,0,0,0,0,0,1,1,0,0,0,"$1,125.00",10285
Panasonic,60,120,1080,3.77,4.25,3.36,3.79,3.83,4.17,4.66,4.62,0,0,0,0,0,0,0,0,0,1,1,0,0,1,"$1,200.00",9925
Panasonic,60,240,720,4.25,4.24,3.41,3.65,3.71,4.19,4.48,3.76,0,0,0,0,0,0,0,0,0,1,0,1,0,0,"$1,190.00",9621
Panasonic,60,240,1080,3.66,4.2,3.68,3.76,3.94,4.23,4.64,4.29,0,0,0,0,0,0,0,0,0,1,0,1,0,1,"$1,235.00",10031
Panasonic,60,600,720,3.57,4.66,3.59,3.72,3.72,3.96,4.59,4.2,0,0,0,0,0,0,0,0,0,1,0,0,1,0,"$1,240.00",9771
Panasonic,60,600,1080,4.22,4.5,3.68,3.47,3.93,4.63,4.58,4.05,0,0,0,0,0,0,0,0,0,1,0,0,1,1,"$1,315.00",10140
Sony,19,60,720,4.19,3.8,4.05,3.51,2.96,4.19,3.9,4.49,0,0,0,0,0,0,0,0,0,0,0,0,0,0,$575.00,15687
Sony,19,60,1080,4.64,3.93,4.19,4.24,3.23,4.07,3.93,4.46,0,0,0,0,0,0,0,0,0,0,0,0,0,1,$665.00,16183
Sony,19,120,720,4.46,3.81,4,3.94,3.26,3.87,4.09,4.45,0,0,0,0,0,0,0,0,0,0,1,0,0,0,$610.00,15943
Sony,19,120,1080,4.31,3.97,4.06,4.19,3.07,3.91,4.13,4.5,0,0,0,0,0,0,0,0,0,0,1,0,0,1,$685.00,16081
Sony,19,240,720,4.23,4.04,4.18,4.15,2.86,3.84,4.13,4.42,0,0,0,0,0,0,0,0,0,0,0,1,0,0,$675.00,15777
Sony,19,240,1080,4.64,4.01,4.21,3.71,3.33,3.91,4.21,4.45,0,0,0,0,0,0,0,0,0,0,0,1,0,1,$780.00,16020
Sony,19,600,720,4.44,3.7,3.95,3.86,3.21,3.78,4.13,4.35,0,0,0,0,0,0,0,0,0,0,0,0,1,0,$740.00,15575
Sony,19,600,1080,4.17,3.98,4.05,3.78,3.09,3.65,4.09,4.45,0,0,0,0,0,0,0,0,0,0,0,0,1,1,$785.00,15714
Sony,26,60,720,4.38,3.91,4.27,3.99,3.01,3.85,4.2,4.43,1,0,0,0,0,0,0,0,0,0,0,0,0,0,$620.00,16686
Sony,26,60,1080,4.12,3.94,4.17,4.18,3.05,3.61,4.31,4.56,1,0,0,0,0,0,0,0,0,0,0,0,0,1,$725.00,16630
Sony,26,120,720,4.33,3.86,3.83,3.96,2.94,3.58,4.1,4.65,1,0,0,0,0,0,0,0,0,0,1,0,0,0,$700.00,16399
Sony,26,120,1080,4.61,3.74,4.41,3.53,2.89,3.62,4.08,4.6,1,0,0,0,0,0,0,0,0,0,1,0,0,1,$730.00,16622
Sony,26,240,720,4.41,4,3.98,4.2,3.58,3.67,4.2,4.6,1,0,0,0,0,0,0,0,0,0,0,1,0,0,$750.00,16872
Sony,26,240,1080,4.15,3.86,3.96,3.95,3.13,3.7,4.05,4.57,1,0,0,0,0,0,0,0,0,0,0,1,0,1,$810.00,16632
Sony,26,600,720,4.37,3.88,3.82,3.86,2.68,4.46,3.95,4.55,1,0,0,0,0,0,0,0,0,0,0,0,1,0,$770.00,16448
Sony,26,600,1080,4.16,3.93,4.08,3.53,3.05,3.33,4.09,4.57,1,0,0,0,0,0,0,0,0,0,0,0,1,1,$875.00,16271
Sony,32,60,720,4.7,4.16,4.08,4.02,3.52,3.38,4.12,4.43,0,1,0,0,0,0,0,0,0,0,0,0,0,0,$710.00,17694
Sony,32,60,1080,3.94,4.14,4.04,4,3.04,3.77,4.11,4.58,0,1,0,0,0,0,0,0,0,0,0,0,0,1,$755.00,17688
Sony,32,120,720,4.17,3.78,3.93,4.02,3.73,3.68,3.99,4.38,0,1,0,0,0,0,0,0,0,0,1,0,0,0,$715.00,17680
Sony,32,120,1080,4.45,3.86,3.77,3.73,2.97,3.48,4.04,4.56,0,1,0,0,0,0,0,0,0,0,1,0,0,1,$805.00,17412
Sony,32,240,720,4.14,4.01,4.7,3.8,2.97,3.8,4.03,4.42,0,1,0,0,0,0,0,0,0,0,0,1,0,0,$825.00,17231
Sony,32,240,1080,4.3,3.7,4.4,3.77,2.89,3.93,4.2,4.4,0,1,0,0,0,0,0,0,0,0,0,1,0,1,$885.00,17247
Sony,32,600,720,4.43,4.03,4.03,4.31,3.55,3.35,4.09,4.45,0,1,0,0,0,0,0,0,0,0,0,0,1,0,$845.00,17583
Sony,32,600,1080,4.55,3.88,4.08,3.79,3.03,3.58,4.16,4.37,0,1,0,0,0,0,0,0,0,0,0,0,1,1,$905.00,17384
Sony,36,60,720,4.11,4.05,4.17,3.91,3.33,3.31,4.16,4.5,0,0,1,0,0,0,0,0,0,0,0,0,0,0,$725.00,21295
Sony,36,60,1080,4.27,3.82,4.1,3.77,2.71,3.73,4.08,4.61,0,0,1,0,0,0,0,0,0,0,0,0,0,1,$815.00,21120
Sony,36,120,720,4.21,3.82,3.99,4.13,3.03,3.75,3.9,4.48,0,0,1,0,0,0,0,0,0,0,1,0,0,0,$820.00,21043
Sony,36,120,1080,4.28,4.14,4.29,3.95,3.4,3.9,4.14,4.55,0,0,1,0,0,0,0,0,0,0,1,0,0,1,$880.00,21601
Sony,36,240,720,4.37,3.97,3.87,3.96,2.82,3.37,4.17,4.52,0,0,1,0,0,0,0,0,0,0,0,1,0,0,$825.00,21047
Sony,36,240,1080,4.18,3.88,4.49,4.14,3.22,3.79,4.02,4.62,0,0,1,0,0,0,0,0,0,0,0,1,0,1,$915.00,21426
Sony,36,600,720,4.46,3.81,3.75,4.09,3.36,3.66,4.1,4.48,0,0,1,0,0,0,0,0,0,0,0,0,1,0,$905.00,21240
Sony,36,600,1080,4.39,4.02,4.04,4.11,3.73,4.12,4.06,4.53,0,0,1,0,0,0,0,0,0,0,0,0,1,1,$950.00,21859
Sony,40,60,720,4.21,3.94,4.27,3.52,3.39,3.79,4.27,4.75,0,0,0,1,0,0,0,0,0,0,0,0,0,0,$830.00,16193
Sony,40,60,1080,4.36,3.68,4.12,3.99,3.48,3.54,4.1,4.61,0,0,0,1,0,0,0,0,0,0,0,0,0,1,$905.00,16117
Sony,40,120,720,4.5,3.82,3.8,4.14,3.09,3.63,4.12,4.41,0,0,0,1,0,0,0,0,0,0,1,0,0,0,$865.00,16007
Sony,40,120,1080,4.5,4.21,4.28,4.02,3.03,3.54,4,4.61,0,0,0,1,0,0,0,0,0,0,1,0,0,1,$940.00,16361
Sony,40,240,720,4.43,3.91,4.13,4.13,3.22,4.13,4.03,4.41,0,0,0,1,0,0,0,0,0,0,0,1,0,0,$915.00,16167
Sony,40,240,1080,4.29,3.71,3.94,4.37,2.93,3.55,3.96,4.5,0,0,0,1,0,0,0,0,0,0,0,1,0,1,$960.00,16042
Sony,40,600,720,4.18,3.82,4.18,4.2,3.54,3.22,4.17,4.53,0,0,0,1,0,0,0,0,0,0,0,0,1,0,$980.00,15977
Sony,40,600,1080,4.34,3.87,4.25,3.73,3.43,3.64,4.16,4.59,0,0,0,1,0,0,0,0,0,0,0,0,1,1,"$1,025.00",16116
Sony,42,60,720,4.21,3.98,4.54,3.78,3.49,4.04,4.02,4.46,0,0,0,0,1,0,0,0,0,0,0,0,0,0,$875.00,23207
Sony,42,60,1080,4.23,3.89,4.08,3.93,3.58,3.9,4.39,4.55,0,0,0,0,1,0,0,0,0,0,0,0,0,1,$950.00,23258
Sony,42,120,720,4.48,3.92,4.04,3.82,3.17,3.75,4.19,4.68,0,0,0,0,1,0,0,0,0,0,1,0,0,0,$910.00,22929
Sony,42,120,1080,4.59,3.91,4,3.93,3.03,4.24,4.14,4.31,0,0,0,0,1,0,0,0,0,0,1,0,0,1,"$1,015.00",23055
Sony,42,240,720,4.42,3.81,3.71,4.2,3.36,3.52,4.29,4.39,0,0,0,0,1,0,0,0,0,0,0,1,0,0,$960.00,22883
Sony,42,240,1080,4.71,4.03,4.2,3.84,3.55,3.78,3.85,4.62,0,0,0,0,1,0,0,0,0,0,0,1,0,1,"$1,020.00",23300
Sony,42,600,720,3.99,3.87,3.69,3.89,3.46,3.44,4.09,4.47,0,0,0,0,1,0,0,0,0,0,0,0,1,0,"$1,025.00",22684
Sony,42,600,1080,4.3,3.86,4.05,3.9,3.48,3.46,4.1,4.5,0,0,0,0,1,0,0,0,0,0,0,0,1,1,"$1,130.00",22807
Sony,46,60,720,4.32,3.93,4.04,4.08,3.65,3.6,4.12,4.59,0,0,0,0,0,1,0,0,0,0,0,0,0,0,$935.00,27489
Sony,46,60,1080,4.62,3.9,4.27,4.16,3.29,3.89,4,4.72,0,0,0,0,0,1,0,0,0,0,0,0,0,1,$995.00,27692
Sony,46,120,720,4.4,3.86,3.55,3.92,3.56,4.32,4.15,4.37,0,0,0,0,0,1,0,0,0,0,1,0,0,0,$970.00,27468
Sony,46,120,1080,4.24,3.92,4.28,3.89,3.2,3.94,3.88,4.41,0,0,0,0,0,1,0,0,0,0,1,0,0,1,"$1,075.00",27311
Sony,46,240,720,4.41,4.12,4,4.14,3.44,3.38,4.11,4.49,0,0,0,0,0,1,0,0,0,0,0,1,0,0,"$1,035.00",27348
Sony,46,240,1080,4.43,3.96,3.84,4.09,2.78,3.64,4.14,4.5,0,0,0,0,0,1,0,0,0,0,0,1,0,1,"$1,125.00",27122
Sony,46,600,720,4.34,3.84,4.1,4.05,3.66,3.53,4.1,4.51,0,0,0,0,0,1,0,0,0,0,0,0,1,0,"$1,115.00",27199
Sony,46,600,1080,3.89,3.82,4.15,4.6,2.67,3.61,4.14,4.47,0,0,0,0,0,1,0,0,0,0,0,0,1,1,"$1,160.00",27012
Sony,49,60,720,4.5,3.89,4.02,3.96,3.26,4.05,4.02,4.62,0,0,0,0,0,0,1,0,0,0,0,0,0,0,$995.00,14137
Sony,49,60,1080,3.6,3.75,3.81,4.02,3.1,3.81,4.15,4.41,0,0,0,0,0,0,1,0,0,0,0,0,0,1,"$1,070.00",14048
Sony,49,120,720,4.32,4.09,4.34,3.93,2.85,4,4.06,4.52,0,0,0,0,0,0,1,0,0,0,1,0,0,0,"$1,030.00",14179
Sony,49,120,1080,3.99,3.93,4.14,4.07,3.3,3.88,3.93,4.6,0,0,0,0,0,0,1,0,0,0,1,0,0,1,"$1,120.00",14215
Sony,49,240,720,4.23,3.79,3.96,3.85,3.3,3.46,4.07,4.54,0,0,0,0,0,0,1,0,0,0,0,1,0,0,"$1,095.00",13827
Sony,49,240,1080,4.58,3.92,4.34,4.15,3.62,3.98,4.04,4.44,0,0,0,0,0,0,1,0,0,0,0,1,0,1,"$1,185.00",14397
Sony,49,600,720,4.2,3.77,4.17,4.32,3.24,3.29,4,4.51,0,0,0,0,0,0,1,0,0,0,0,0,1,0,"$1,145.00",13789
Sony,49,600,1080,4.68,3.97,3.85,3.97,3.37,3.94,4.15,4.47,0,0,0,0,0,0,1,0,0,0,0,0,1,1,"$1,235.00",14195
Sony,52,60,720,4.46,3.89,4.22,3.94,3.27,3.88,4.1,4.44,0,0,0,0,0,0,0,1,0,0,0,0,0,0,"$1,085.00",13412
Sony,52,60,1080,4.25,3.91,3.74,3.84,3.64,4.03,4.07,4.64,0,0,0,0,0,0,0,1,0,0,0,0,0,1,"$1,130.00",13657
Sony,52,120,720,4.12,3.95,3.89,3.86,3.54,3.27,4.05,4.48,0,0,0,0,0,0,0,1,0,0,1,0,0,0,"$1,105.00",13251
Sony,52,120,1080,4.2,4,4.13,3.61,3.2,3.64,4.27,4.44,0,0,0,0,0,0,0,1,0,0,1,0,0,1,"$1,210.00",13361
Sony,52,240,720,4.37,3.83,4.18,3.94,3.24,3.71,4.22,4.42,0,0,0,0,0,0,0,1,0,0,0,1,0,0,"$1,155.00",13255
Sony,52,240,1080,3.83,3.76,4.11,3.77,3.73,3.73,4.08,4.51,0,0,0,0,0,0,0,1,0,0,0,1,0,1,"$1,230.00",13408
Sony,52,600,720,4.42,3.9,3.71,4.2,3.13,3.96,4.11,4.35,0,0,0,0,0,0,0,1,0,0,0,0,1,0,"$1,190.00",13304
Sony,52,600,1080,4.36,3.83,4.26,3.98,3.46,3.91,4.25,4.34,0,0,0,0,0,0,0,1,0,0,0,0,1,1,"$1,295.00",13456
Sony,55,60,720,4.46,3.95,4.35,3.96,2.94,3.9,4.28,4.52,0,0,0,0,0,0,0,0,1,0,0,0,0,0,"$1,130.00",12315
Sony,55,60,1080,4.71,3.72,4.33,4.23,2.97,3.75,4.21,4.37,0,0,0,0,0,0,0,0,1,0,0,0,0,1,"$1,205.00",12343
Sony,55,120,720,4.24,4,3.99,3.59,3.46,4.2,4.07,4.46,0,0,0,0,0,0,0,0,1,0,1,0,0,0,"$1,165.00",12551
Sony,55,120,1080,4.1,3.94,4.02,4.02,3.39,3.6,4.04,4.58,0,0,0,0,0,0,0,0,1,0,1,0,0,1,"$1,255.00",12321
Sony,55,240,720,4.54,3.8,3.9,3.74,3.52,3.73,4.18,4.59,0,0,0,0,0,0,0,0,1,0,0,1,0,0,"$1,230.00",12203
Sony,55,240,1080,4.48,3.88,4.15,3.82,3.01,3.53,4.01,4.65,0,0,0,0,0,0,0,0,1,0,0,1,0,1,"$1,305.00",12005
Sony,55,600,720,4.27,3.99,4.15,4,3.51,3.68,3.99,4.4,0,0,0,0,0,0,0,0,1,0,0,0,1,0,"$1,265.00",12332
Sony,55,600,1080,4.18,4.15,3.95,4.13,3.25,3.92,4.06,4.59,0,0,0,0,0,0,0,0,1,0,0,0,1,1,"$1,340.00",12545
Sony,60,60,720,4.35,3.87,4.28,3.78,3.19,3.33,4.2,4.53,0,0,0,0,0,0,0,0,0,1,0,0,0,0,"$1,190.00",8849
Sony,60,60,1080,4.07,4.05,4.27,4.06,3.71,3.76,4.12,4.63,0,0,0,0,0,0,0,0,0,1,0,0,0,1,"$1,265.00",9364
Sony,60,120,720,4.31,3.82,4.23,4.24,3.63,3.48,4.12,4.52,0,0,0,0,0,0,0,0,0,1,1,0,0,0,"$1,255.00",8939
Sony,60,120,1080,4.17,3.93,3.95,3.78,2.52,3.94,4.21,4.58,0,0,0,0,0,0,0,0,0,1,1,0,0,1,"$1,300.00",8946
Sony,60,240,720,4.14,3.89,3.83,3.75,3.31,3.11,4.12,4.61,0,0,0,0,0,0,0,0,0,1,0,1,0,0,"$1,275.00",8656
Sony,60,240,1080,4.49,3.94,4.23,3.95,2.94,3.11,3.99,4.46,0,0,0,0,0,0,0,0,0,1,0,1,0,1,"$1,365.00",8809
Sony,60,600,720,4.31,3.86,4.39,4.08,3.11,4.19,4.18,4.45,0,0,0,0,0,0,0,0,0,1,0,0,1,0,"$1,340.00",8967
Sony,60,600,1080,4.57,3.77,3.84,3.95,3.01,3.66,4.15,4.37,0,0,0,0,0,0,0,0,0,1,0,0,1,1,"$1,415.00",8805
Samsung,19,60,720,4.19,4.4,4.01,4.19,4.36,3.98,4.28,3.93,0,0,0,0,0,0,0,0,0,0,0,0,0,0,$540.00,16826
Samsung,19,60,1080,4.24,4.09,4.5,4.58,4.08,4.08,4.2,4.04,0,0,0,0,0,0,0,0,0,0,0,0,0,1,$600.00,16893
Samsung,19,120,720,4.13,3.9,4.28,4.21,4.18,4.57,4.42,4.28,0,0,0,0,0,0,0,0,0,0,1,0,0,0,$575.00,16690
Samsung,19,120,1080,4.21,4.3,4.12,4.08,4.52,3.4,4.64,4.09,0,0,0,0,0,0,0,0,0,0,1,0,0,1,$650.00,16789
Samsung,19,240,720,4.16,3.95,3.87,4.32,4.51,4.1,4.67,4.08,0,0,0,0,0,0,0,0,0,0,0,1,0,0,$625.00,16686
Samsung,19,240,1080,4.16,4.23,4.06,3.96,4.11,3.94,4.61,3.85,0,0,0,0,0,0,0,0,0,0,0,1,0,1,$715.00,16643
Samsung,19,600,720,4.28,4.55,3.99,4.31,4.42,3.89,4.65,4.39,0,0,0,0,0,0,0,0,0,0,0,0,1,0,$690.00,16883
Samsung,19,600,1080,4.28,4.38,4.1,4.25,4.51,3.69,4.85,4.17,0,0,0,0,0,0,0,0,0,0,0,0,1,1,$720.00,17053
Samsung,26,60,720,4.31,4.05,4.27,4.12,4.16,3.86,4.16,4.27,1,0,0,0,0,0,0,0,0,0,0,0,0,0,$585.00,17428
Samsung,26,60,1080,4.09,4.07,4.37,4.08,4.2,4.1,4.59,4.17,1,0,0,0,0,0,0,0,0,0,0,0,0,1,$645.00,17562
Samsung,26,120,720,4.19,4.68,4.23,3.96,4.64,4.03,4.49,4.34,1,0,0,0,0,0,0,0,0,0,1,0,0,0,$650.00,17891
Samsung,26,120,1080,4.27,4.05,4.22,3.82,4.05,3.42,4.35,4.55,1,0,0,0,0,0,0,0,0,0,1,0,0,1,$695.00,17290
Samsung,26,240,720,4.07,4.19,4.27,4.12,4.49,4.17,4.64,3.97,1,0,0,0,0,0,0,0,0,0,0,1,0,0,$700.00,17618
Samsung,26,240,1080,4.39,4.2,4.73,4.36,4.6,3.97,4.5,4.26,1,0,0,0,0,0,0,0,0,0,0,1,0,1,$760.00,17899
Samsung,26,600,720,4.22,4.38,4.27,4.06,4.04,4.47,4.74,4.3,1,0,0,0,0,0,0,0,0,0,0,0,1,0,$720.00,17695
Samsung,26,600,1080,4.15,4.16,4.23,4.52,4.37,3.57,4.29,4.1,1,0,0,0,0,0,0,0,0,0,0,0,1,1,$810.00,17499
Samsung,32,60,720,4.3,4.21,4.52,4.02,4.16,3.68,4.33,4.67,0,1,0,0,0,0,0,0,0,0,0,0,0,0,$645.00,18360
Samsung,32,60,1080,4.24,4.2,4.22,4.63,4.42,3.37,4.59,3.81,0,1,0,0,0,0,0,0,0,0,0,0,0,1,$720.00,18484
Samsung,32,120,720,4.21,4.91,4.07,4.06,4.32,3.9,4.32,3.95,0,1,0,0,0,0,0,0,0,0,1,0,0,0,$665.00,18748
Samsung,32,120,1080,4.13,4.36,4.39,4.22,4.07,4.2,4.52,4.12,0,1,0,0,0,0,0,0,0,0,1,0,0,1,$770.00,18609
Samsung,32,240,720,4.02,3.84,4.13,4.49,4.52,3.76,4.42,4.11,0,1,0,0,0,0,0,0,0,0,0,1,0,0,$775.00,18139
Samsung,32,240,1080,4.1,3.73,4.24,4.45,4.52,3.74,4.72,4.03,0,1,0,0,0,0,0,0,0,0,0,1,0,1,$805.00,18372
Samsung,32,600,720,4.14,3.62,4.38,4.05,4.28,3.81,4.59,3.96,0,1,0,0,0,0,0,0,0,0,0,0,1,0,$795.00,17885
Samsung,32,600,1080,4.25,4.65,4.36,4.35,4.51,3.85,4.42,4.35,0,1,0,0,0,0,0,0,0,0,0,0,1,1,$855.00,18867
Samsung,36,60,720,4.26,3.85,3.88,3.98,4.13,4.21,4.37,4.08,0,0,1,0,0,0,0,0,0,0,0,0,0,0,$690.00,22035
Samsung,36,60,1080,4.12,4.4,3.73,3.86,4.15,3.9,4.42,3.86,0,0,1,0,0,0,0,0,0,0,0,0,0,1,$795.00,22324
Samsung,36,120,720,4.28,4.26,4.06,4.33,4.17,3.76,4.98,4.61,0,0,1,0,0,0,0,0,0,0,1,0,0,0,$770.00,22241
Samsung,36,120,1080,4.27,3.64,4.53,3.85,4.38,4.09,4.49,4.37,0,0,1,0,0,0,0,0,0,0,1,0,0,1,$845.00,21997
Samsung,36,240,720,4.19,4.71,4.25,3.77,4.3,3.49,4.46,4.55,0,0,1,0,0,0,0,0,0,0,0,1,0,0,$790.00,22311
Samsung,36,240,1080,4.1,4.27,4.17,4.19,4.78,4.08,4.46,4.09,0,0,1,0,0,0,0,0,0,0,0,1,0,1,$895.00,22558
Samsung,36,600,720,4.29,4.65,4.17,4.48,4.39,3.84,4.8,4.67,0,0,1,0,0,0,0,0,0,0,0,0,1,0,$870.00,22517
Samsung,36,600,1080,4.19,4.2,4.41,4.44,4.51,4.54,4.15,4.38,0,0,1,0,0,0,0,0,0,0,0,0,1,1,$915.00,22575
Samsung,40,60,720,4.1,4.15,4.27,3.9,4.51,3.71,4.72,3.56,0,0,0,1,0,0,0,0,0,0,0,0,0,0,$780.00,17017
Samsung,40,60,1080,4.23,3.79,4.3,4.21,4.47,4.03,4.36,3.72,0,0,0,1,0,0,0,0,0,0,0,0,0,1,$855.00,17051
Samsung,40,120,720,4.25,4.11,3.78,4.36,4.44,3.94,4.45,4.28,0,0,0,1,0,0,0,0,0,0,1,0,0,0,$815.00,17092
Samsung,40,120,1080,4.05,4.14,4.17,4.39,4.65,3.58,4.64,4.07,0,0,0,1,0,0,0,0,0,0,1,0,0,1,$890.00,17243
Samsung,40,240,720,4.39,3.64,4.2,4.51,4.17,4.16,4.31,4.06,0,0,0,1,0,0,0,0,0,0,0,1,0,0,$865.00,16714
Samsung,40,240,1080,3.99,4.09,4.03,4.52,4.73,3.23,4.59,4.42,0,0,0,1,0,0,0,0,0,0,0,1,0,1,$910.00,17169
Samsung,40,600,720,4.04,4.15,4.2,4.37,4.54,3.32,4.49,4.61,0,0,0,1,0,0,0,0,0,0,0,0,1,0,$915.00,16883
Samsung,40,600,1080,4.32,3.88,4.08,3.92,4.17,3.51,4.22,4.22,0,0,0,1,0,0,0,0,0,0,0,0,1,1,$990.00,16566
Samsung,42,60,720,4.23,4.22,4.37,4.21,4.62,4.29,4.54,4.14,0,0,0,0,1,0,0,0,0,0,0,0,0,0,$825.00,24119
Samsung,42,60,1080,4.16,3.74,4.09,3.92,4.64,4.2,4.62,4.78,0,0,0,0,1,0,0,0,0,0,0,0,0,1,$900.00,23972
Samsung,42,120,720,4.2,3.93,4.46,4.45,4.74,3.52,4.63,4.1,0,0,0,0,1,0,0,0,0,0,1,0,0,0,$875.00,23843
Samsung,42,120,1080,4.27,4.13,4.19,4.55,4.32,3.85,4.39,3.96,0,0,0,0,1,0,0,0,0,0,1,0,0,1,$965.00,23954
Samsung,42,240,720,4.11,3.92,4.38,3.8,4.73,3.68,4.5,3.92,0,0,0,0,1,0,0,0,0,0,0,1,0,0,$910.00,23692
Samsung,42,240,1080,4.29,4.23,4.66,4.37,4.45,3.97,4.62,3.88,0,0,0,0,1,0,0,0,0,0,0,1,0,1,$985.00,24097
Samsung,42,600,720,4.27,3.99,4.21,4.13,4.11,4.53,4.61,4.12,0,0,0,0,1,0,0,0,0,0,0,0,1,0,$960.00,23800
Samsung,42,600,1080,4.2,3.84,4.5,4.1,4.24,3.64,4.42,3.84,0,0,0,0,1,0,0,0,0,0,0,0,1,1,"$1,080.00",23477
Samsung,46,60,720,4.22,4.38,3.99,4.02,4.59,4.48,4.25,3.54,0,0,0,0,0,1,0,0,0,0,0,0,0,0,$885.00,28533
Samsung,46,60,1080,4.14,4.28,4.56,4.45,4.76,3.76,4.55,3.71,0,0,0,0,0,1,0,0,0,0,0,0,0,1,$945.00,28621
Samsung,46,120,720,4.11,4.27,3.96,4.28,4.16,3.7,4.56,4.23,0,0,0,0,0,1,0,0,0,0,1,0,0,0,$905.00,28158
Samsung,46,120,1080,4.16,4.31,4.19,4.18,4.38,4.08,4.8,4.43,0,0,0,0,0,1,0,0,0,0,1,0,0,1,"$1,040.00",28355
Samsung,46,240,720,4.3,4.4,4.13,4.28,4.27,4.11,4.19,4.46,0,0,0,0,0,1,0,0,0,0,0,1,0,0,$985.00,28204
Samsung,46,240,1080,4.18,4.4,3.97,4.4,4.78,3.98,4.43,4.79,0,0,0,0,0,1,0,0,0,0,0,1,0,1,"$1,090.00",28536
Samsung,46,600,720,4.15,4.11,3.94,4.03,4.22,3.46,4.59,3.77,0,0,0,0,0,1,0,0,0,0,0,0,1,0,"$1,065.00",27728
Samsung,46,600,1080,4.1,3.96,4.33,4.04,4.67,3.69,4.48,4.51,0,0,0,0,0,1,0,0,0,0,0,0,1,1,"$1,080.00",28194
Samsung,49,60,720,4.09,4.07,3.92,4.34,4.28,3.64,4.91,4.12,0,0,0,0,0,0,1,0,0,0,0,0,0,0,$945.00,14872
Samsung,49,60,1080,4.2,4.47,3.93,4.52,4.56,3.75,4.43,3.96,0,0,0,0,0,0,1,0,0,0,0,0,0,1,"$1,020.00",15449
Samsung,49,120,720,4.3,3.74,4.43,4.45,4.14,3.67,4.03,3.97,0,0,0,0,0,0,1,0,0,0,1,0,0,0,$995.00,14644
Samsung,49,120,1080,4.32,3.93,4.2,4.18,4.7,4.03,4.65,4.37,0,0,0,0,0,0,1,0,0,0,1,0,0,1,"$1,055.00",15261
Samsung,49,240,720,4.26,4.41,4.28,3.93,3.96,4.2,4.22,4.29,0,0,0,0,0,0,1,0,0,0,0,1,0,0,"$1,060.00",14907
Samsung,49,240,1080,4.17,4.35,4.02,3.73,4.46,3.82,4.76,3.56,0,0,0,0,0,0,1,0,0,0,0,1,0,1,"$1,120.00",15102
Samsung,49,600,720,4.16,3.95,4.16,4.01,4.48,4.07,4.58,4.41,0,0,0,0,0,0,1,0,0,0,0,0,1,0,"$1,110.00",14761
Samsung,49,600,1080,4.24,4.04,4.26,4.43,4.24,4.13,4.43,4.35,0,0,0,0,0,0,1,0,0,0,0,0,1,1,"$1,170.00",15010
Samsung,52,60,720,4.29,4.05,4.23,4.09,4.21,3.94,4.3,4.03,0,0,0,0,0,0,0,1,0,0,0,0,0,0,"$1,005.00",14195
Samsung,52,60,1080,4.3,4.02,4.56,4.26,4.52,3.82,4.87,3.81,0,0,0,0,0,0,0,1,0,0,0,0,0,1,"$1,080.00",14449
Samsung,52,120,720,3.99,3.37,4.08,4.24,4.19,3.74,4.56,3.87,0,0,0,0,0,0,0,1,0,0,1,0,0,0,"$1,055.00",13657
Samsung,52,120,1080,4.2,3.97,4.17,3.76,4.39,3.55,4.4,3.73,0,0,0,0,0,0,0,1,0,0,1,0,0,1,"$1,145.00",13996
Samsung,52,240,720,4.1,4.19,4.37,4.45,3.84,3.82,4.36,4.08,0,0,0,0,0,0,0,1,0,0,0,1,0,0,"$1,105.00",14016
Samsung,52,240,1080,4.15,4.84,4.39,4.6,3.98,3.95,4.46,3.98,0,0,0,0,0,0,0,1,0,0,0,1,0,1,"$1,165.00",14658
Samsung,52,600,720,4.37,3.66,3.81,4.19,4.39,3.84,4.75,4.01,0,0,0,0,0,0,0,1,0,0,0,0,1,0,"$1,140.00",13851
Samsung,52,600,1080,4.12,3.91,4.12,4.4,4.62,3.97,4.88,4.17,0,0,0,0,0,0,0,1,0,0,0,0,1,1,"$1,245.00",14157
Samsung,55,60,720,4.03,3.98,4.06,4.05,4.07,3.91,4.51,4.01,0,0,0,0,0,0,0,0,1,0,0,0,0,0,"$1,080.00",12936
Samsung,55,60,1080,4.22,3.82,4.2,4.32,4.54,4.1,4.59,3.59,0,0,0,0,0,0,0,0,1,0,0,0,0,1,"$1,155.00",13290
Samsung,55,120,720,4.19,3.9,4.3,4.62,4.5,3.71,4.56,3.92,0,0,0,0,0,0,0,0,1,0,1,0,0,0,"$1,115.00",13163
Samsung,55,120,1080,4.16,3.52,4.29,4.46,4.28,3.86,4.17,3.94,0,0,0,0,0,0,0,0,1,0,1,0,0,1,"$1,175.00",12976
Samsung,55,240,720,4.29,4.07,4.43,4.06,4.4,3.97,4.53,3.59,0,0,0,0,0,0,0,0,1,0,0,1,0,0,"$1,180.00",12965
Samsung,55,240,1080,4.26,3.94,4.29,4,4.84,3.79,4.4,4.37,0,0,0,0,0,0,0,0,1,0,0,1,0,1,"$1,270.00",13189
Samsung,55,600,720,4.24,4.26,4.26,4.21,4.12,3.98,4.41,3.45,0,0,0,0,0,0,0,0,1,0,0,0,1,0,"$1,200.00",13188
Samsung,55,600,1080,4.17,4.12,4.39,4.15,4.5,3.37,4.47,4.23,0,0,0,0,0,0,0,0,1,0,0,0,1,1,"$1,290.00",13123
Samsung,60,60,720,4.24,4.42,4.29,4.19,4.44,4.04,3.92,4.01,0,0,0,0,0,0,0,0,0,1,0,0,0,0,"$1,125.00",10149
Samsung,60,60,1080,4.17,4.59,3.94,4.45,4.46,4.04,4.35,3.99,0,0,0,0,0,0,0,0,0,1,0,0,0,1,"$1,215.00",10397
Samsung,60,120,720,4.22,4.14,4.22,4.24,4.4,3.9,4.65,4.29,0,0,0,0,0,0,0,0,0,1,1,0,0,0,"$1,190.00",9909
Samsung,60,120,1080,4.26,3.73,3.87,4.53,4.46,3.79,4.52,4.01,0,0,0,0,0,0,0,0,0,1,1,0,0,1,"$1,235.00",9931
Samsung,60,240,720,4.23,4.17,4.42,4.19,4.35,3.77,4.4,4.03,0,0,0,0,0,0,0,0,0,1,0,1,0,0,"$1,225.00",9858
Samsung,60,240,1080,4.13,4.52,3.78,4.17,4.06,3.39,4.43,3.84,0,0,0,0,0,0,0,0,0,1,0,1,0,1,"$1,285.00",9879
Samsung,60,600,720,4.15,4.07,4.09,4.36,4.28,4.23,4.28,4.44,0,0,0,0,0,0,0,0,0,1,0,0,1,0,"$1,290.00",9789
Samsung,60,600,1080,4.1,4.22,4.22,4.29,4.45,4.09,4.36,4.4,0,0,0,0,0,0,0,0,0,1,0,0,1,1,"$1,335.00",10120
Philips,19,60,720,3.33,3.44,3.92,3.51,2.64,3.47,3.59,3.16,0,0,0,0,0,0,0,0,0,0,0,0,0,0,$400.00,15490
Philips,19,60,1080,3.58,3.32,3.48,3.78,2.63,3.22,3.56,3.3,0,0,0,0,0,0,0,0,0,0,0,0,0,1,$490.00,15480
Philips,19,120,720,3.54,3.34,3.81,3.89,2.63,3.42,3.55,3.75,0,0,0,0,0,0,0,0,0,0,1,0,0,0,$465.00,15391
Philips,19,120,1080,3.7,3.45,4.15,3.55,3.22,3.32,3.35,3.4,0,0,0,0,0,0,0,0,0,0,1,0,0,1,$495.00,15808
Philips,19,240,720,3.6,3.52,4.14,4.22,2.86,3.48,3.66,3.53,0,0,0,0,0,0,0,0,0,0,0,1,0,0,$530.00,15622
Philips,19,240,1080,3.55,3.43,3.32,4.14,2.77,2.52,3.58,3.88,0,0,0,0,0,0,0,0,0,0,0,1,0,1,$605.00,15315
Philips,19,600,720,4.37,3.54,4.02,3.86,2.92,2.89,3.67,3.61,0,0,0,0,0,0,0,0,0,0,0,0,1,0,$550.00,15522
Philips,19,600,1080,3.7,3.32,3.76,3.63,3.21,3.15,3.63,3.44,0,0,0,0,0,0,0,0,0,0,0,0,1,1,$610.00,15550
Philips,26,60,720,3.75,3.44,4.04,3.97,2.85,3.3,3.3,3.73,1,0,0,0,0,0,0,0,0,0,0,0,0,0,$445.00,16453
Philips,26,60,1080,3.89,3.36,3.95,4,2.99,3.54,3.57,4.07,1,0,0,0,0,0,0,0,0,0,0,0,0,1,$535.00,16754
Philips,26,120,720,3.28,3.33,3.81,3.4,2.21,3.01,3.68,3.24,1,0,0,0,0,0,0,0,0,0,1,0,0,0,$525.00,15739
Philips,26,120,1080,3.46,3.15,3.9,4.44,2.7,3.02,3.7,3.65,1,0,0,0,0,0,0,0,0,0,1,0,0,1,$570.00,16349
Philips,26,240,720,3.94,3.49,4.08,4.18,2.58,3.11,3.57,3.16,1,0,0,0,0,0,0,0,0,0,0,1,0,0,$560.00,16291
Philips,26,240,1080,3.91,3.6,4.12,3.52,2.71,3.41,3.65,3.03,1,0,0,0,0,0,0,0,0,0,0,1,0,1,$635.00,16516
Philips,26,600,720,3.45,3.46,3.68,4.64,2.67,3.23,3.62,3.2,1,0,0,0,0,0,0,0,0,0,0,0,1,0,$610.00,16353
Philips,26,600,1080,4.14,3.55,3.5,4,2.77,3.54,3.69,3.38,1,0,0,0,0,0,0,0,0,0,0,0,1,1,$685.00,16602
Philips,32,60,720,3.78,3.42,3.77,3.61,2.75,2.97,3.8,2.81,0,1,0,0,0,0,0,0,0,0,0,0,0,0,$520.00,17069
Philips,32,60,1080,3.84,3.29,4.21,3.77,3.1,3.32,3.51,2.92,0,1,0,0,0,0,0,0,0,0,0,0,0,1,$595.00,17409
Philips,32,120,720,3.83,3.32,4,4.13,3.33,3.32,3.81,3.38,0,1,0,0,0,0,0,0,0,0,1,0,0,0,$570.00,17389
Philips,32,120,1080,3.64,3.33,4.02,3.62,2.44,2.71,3.62,3.58,0,1,0,0,0,0,0,0,0,0,1,0,0,1,$645.00,16894
Philips,32,240,720,3.25,3.52,3.77,3.91,3.43,3.29,3.52,3.64,0,1,0,0,0,0,0,0,0,0,0,1,0,0,$635.00,17394
Philips,32,240,1080,3.76,3.36,3.67,4.02,3.28,3.72,3.52,3.53,0,1,0,0,0,0,0,0,0,0,0,1,0,1,$710.00,17544
Philips,32,600,720,3.33,3.42,4.52,3.92,2.93,2.84,3.61,3.35,0,1,0,0,0,0,0,0,0,0,0,0,1,0,$655.00,17009
Philips,32,600,1080,3.75,3.28,3.87,4.11,3.37,3.01,3.61,3.56,0,1,0,0,0,0,0,0,0,0,0,0,1,1,$715.00,17392
Philips,36,60,720,3.86,3.39,3.89,3.84,2.97,2.89,3.64,4.15,0,0,1,0,0,0,0,0,0,0,0,0,0,0,$565.00,20977
Philips,36,60,1080,3.86,3.25,3.82,3.97,2.59,3.54,3.68,3.99,0,0,1,0,0,0,0,0,0,0,0,0,0,1,$640.00,21153
Philips,36,120,720,3.38,3.34,3.92,4.11,3.24,3.03,3.64,3.38,0,0,1,0,0,0,0,0,0,0,1,0,0,0,$645.00,21047
Philips,36,120,1080,3.91,3.49,3.8,3.38,3.57,3.43,3.5,3.82,0,0,1,0,0,0,0,0,0,0,1,0,0,1,$705.00,21496
Philips,36,240,720,3.44,3.58,3.59,3.47,2.67,2.71,3.53,3.21,0,0,1,0,0,0,0,0,0,0,0,1,0,0,$665.00,20679
Philips,36,240,1080,3.88,3.46,4.05,3.73,2.6,2.65,3.52,3.51,0,0,1,0,0,0,0,0,0,0,0,1,0,1,$755.00,20767
Philips,36,600,720,3.98,3.42,4.33,4.07,3.24,3.5,3.54,3.44,0,0,1,0,0,0,0,0,0,0,0,0,1,0,$730.00,21325
Philips,36,600,1080,4.28,3.52,3.96,4.11,2.89,3.38,3.64,3.63,0,0,1,0,0,0,0,0,0,0,0,0,1,1,$790.00,21403
Philips,40,60,720,3.18,3.48,3.68,3.83,2.49,3.28,3.63,3.04,0,0,0,1,0,0,0,0,0,0,0,0,0,0,$640.00,15776
Philips,40,60,1080,4.05,3.17,3.92,4.44,3.27,3.49,3.58,3.59,0,0,0,1,0,0,0,0,0,0,0,0,0,1,$730.00,16174
Philips,40,120,720,3.75,3.23,4.21,4.39,2.85,3.22,3.5,3.45,0,0,0,1,0,0,0,0,0,0,1,0,0,0,$705.00,15707
Philips,40,120,1080,3.78,3.33,4.43,4,2.66,3.24,3.57,3.5,0,0,0,1,0,0,0,0,0,0,1,0,0,1,$750.00,15915
Philips,40,240,720,3.63,3.32,3.48,5,2.73,2.94,3.66,3.09,0,0,0,1,0,0,0,0,0,0,0,1,0,0,$740.00,15775
Philips,40,240,1080,3.87,3.25,3.93,3.94,2.75,3.2,3.59,3.28,0,0,0,1,0,0,0,0,0,0,0,1,0,1,$815.00,15796
Philips,40,600,720,3.72,3.34,3.77,4.35,3.18,2.87,3.74,2.94,0,0,0,1,0,0,0,0,0,0,0,0,1,0,$790.00,15767
Philips,40,600,1080,3.61,3.32,4.06,4.03,2.55,2.93,3.52,3.18,0,0,0,1,0,0,0,0,0,0,0,0,1,1,$835.00,15643
Philips,42,60,720,3.64,3.52,3.95,3.53,3.04,3.06,3.63,3.11,0,0,0,0,1,0,0,0,0,0,0,0,0,0,$715.00,22632
Philips,42,60,1080,3.98,3.35,3.72,4.61,3.2,3.24,3.72,3.3,0,0,0,0,1,0,0,0,0,0,0,0,0,1,$775.00,23020
Philips,42,120,720,3.95,3.28,3.36,3.73,2.64,3.68,3.51,3.45,0,0,0,0,1,0,0,0,0,0,1,0,0,0,$765.00,22481
Philips,42,120,1080,4.13,3.37,3.54,4.07,3,3.31,3.59,3.65,0,0,0,0,1,0,0,0,0,0,1,0,0,1,$810.00,22955
Philips,42,240,720,3.91,3.34,3.72,4.63,2.4,3.32,3.48,3.08,0,0,0,0,1,0,0,0,0,0,0,1,0,0,$800.00,22503
Philips,42,240,1080,3.76,3.44,3.82,4.24,3.11,3.36,3.51,3.49,0,0,0,0,1,0,0,0,0,0,0,1,0,1,$875.00,22990
Philips,42,600,720,3.46,3.39,4.25,4.16,2.56,3.56,3.46,3.73,0,0,0,0,1,0,0,0,0,0,0,0,1,0,$850.00,22565
Philips,42,600,1080,3.89,3.26,3.72,4.01,3.14,3.37,3.51,3.69,0,0,0,0,1,0,0,0,0,0,0,0,1,1,$940.00,22752
Philips,46,60,720,3.71,3.47,4.01,4.12,3.03,3.22,3.64,2.92,0,0,0,0,0,1,0,0,0,0,0,0,0,0,$790.00,27091
Philips,46,60,1080,3.87,3.37,4.17,4.62,2.78,3.07,3.58,3.62,0,0,0,0,0,1,0,0,0,0,0,0,0,1,$850.00,27267
Philips,46,120,720,4.06,3.35,3.97,3.91,2.46,3.38,3.66,3.35,0,0,0,0,0,1,0,0,0,0,1,0,0,0,$795.00,26874
Philips,46,120,1080,3.65,3.32,3.93,3.98,3.3,2.69,3.7,3.81,0,0,0,0,0,1,0,0,0,0,1,0,0,1,$885.00,27222
Philips,46,240,720,3.66,3.49,3.72,3.91,2.95,3.21,3.64,3.68,0,0,0,0,0,1,0,0,0,0,0,1,0,0,$890.00,26982
Philips,46,240,1080,3.72,3.4,4.15,3.93,3.4,3.48,3.68,3.3,0,0,0,0,0,1,0,0,0,0,0,1,0,1,$935.00,27427
Philips,46,600,720,3.86,3.25,4.39,4,2.9,3.13,3.68,3.48,0,0,0,0,0,1,0,0,0,0,0,0,1,0,$925.00,26683
Philips,46,600,1080,4.41,3.63,4.04,4.24,2.37,3.37,3.84,3.55,0,0,0,0,0,1,0,0,0,0,0,0,1,1,$955.00,27194
Philips,49,60,720,3.54,3.38,3.99,4.08,3.41,3.25,3.68,2.66,0,0,0,0,0,0,1,0,0,0,0,0,0,0,$835.00,13954
Philips,49,60,1080,4.2,3.44,3.97,3.82,2.81,3.38,3.45,3.22,0,0,0,0,0,0,1,0,0,0,0,0,0,1,$895.00,14037
Philips,49,120,720,3.74,3.45,4.21,4.55,3.18,3.05,3.63,3.28,0,0,0,0,0,0,1,0,0,0,1,0,0,0,$870.00,13990
Philips,49,120,1080,4.07,3.28,3.8,3.79,2.68,3.7,3.67,3.06,0,0,0,0,0,0,1,0,0,0,1,0,0,1,$945.00,13891
Philips,49,240,720,3.82,3.53,3.75,3.95,3.08,3.32,3.69,2.73,0,0,0,0,0,0,1,0,0,0,0,1,0,0,$920.00,14010
Philips,49,240,1080,3.64,3.44,4.06,4.07,3.15,3.24,3.68,3.65,0,0,0,0,0,0,1,0,0,0,0,1,0,1,"$1,025.00",13904
Philips,49,600,720,3.72,3.42,3.81,3.55,3.2,2.84,3.55,3.22,0,0,0,0,0,0,1,0,0,0,0,0,1,0,$985.00,13495
Philips,49,600,1080,4.09,3.55,4.17,3.75,3.05,3.14,3.6,3.75,0,0,0,0,0,0,1,0,0,0,0,0,1,1,"$1,045.00",13948
Philips,52,60,720,4.18,3.43,3.46,3.66,2.89,2.77,3.63,3.11,0,0,0,0,0,0,0,1,0,0,0,0,0,0,$895.00,12894
Philips,52,60,1080,4.09,3.24,4.3,3.25,2.94,3.11,3.62,3.69,0,0,0,0,0,0,0,1,0,0,0,0,0,1,$970.00,13051
Philips,52,120,720,3.63,3.41,3.68,4.69,2.99,2.83,3.8,3.61,0,0,0,0,0,0,0,1,0,0,1,0,0,0,$960.00,13063
Philips,52,120,1080,3.41,3.53,3.97,3.83,2.68,3.18,3.44,3.57,0,0,0,0,0,0,0,1,0,0,1,0,0,1,"$1,020.00",13016
Philips,52,240,720,3.92,3.53,3.76,4.3,3.07,3.25,3.69,3.09,0,0,0,0,0,0,0,1,0,0,0,1,0,0,$980.00,13274
Philips,52,240,1080,3.96,3.44,4.11,4.06,2.58,3.05,3.72,3.35,0,0,0,0,0,0,0,1,0,0,0,1,0,1,"$1,055.00",12986
Philips,52,600,720,3.05,3.24,3.47,3.75,2.33,3.69,3.54,3.26,0,0,0,0,0,0,0,1,0,0,0,0,1,0,"$1,030.00",12614
Philips,52,600,1080,3.81,3.52,3.58,4.04,2.95,3.61,3.65,3.11,0,0,0,0,0,0,0,1,0,0,0,0,1,1,"$1,105.00",13362
Philips,55,60,720,4.43,3.4,4.39,4.17,2.96,3.62,3.59,3.27,0,0,0,0,0,0,0,0,1,0,0,0,0,0,$925.00,12416
Philips,55,60,1080,3.74,3.43,3.61,3.71,2.97,3.38,3.5,2.91,0,0,0,0,0,0,0,0,1,0,0,0,0,1,"$1,000.00",12292
Philips,55,120,720,3.61,3.54,3.69,4.41,3.43,3.43,3.61,3.35,0,0,0,0,0,0,0,0,1,0,1,0,0,0,$990.00,12442
Philips,55,120,1080,3.5,3.45,3.92,4.41,3.27,3,3.77,3.34,0,0,0,0,0,0,0,0,1,0,1,0,0,1,"$1,080.00",12348
Philips,55,240,720,3.26,3.04,3.66,4.02,3.46,3.24,3.56,3.15,0,0,0,0,0,0,0,0,1,0,0,1,0,0,"$1,070.00",11768
Philips,55,240,1080,3.65,3.24,3.94,4.23,2.97,2.86,3.66,3.59,0,0,0,0,0,0,0,0,1,0,0,1,0,1,"$1,130.00",11932
Philips,55,600,720,3.89,3.33,4.25,3.68,3.17,3.27,3.49,3.09,0,0,0,0,0,0,0,0,1,0,0,0,1,0,"$1,060.00",12083
Philips,55,600,1080,3.5,3.28,3.92,4.22,2.72,3.54,3.51,3.33,0,0,0,0,0,0,0,0,1,0,0,0,1,1,"$1,150.00",11994
Philips,60,60,720,3.88,3.43,4.42,4.01,2.83,2.87,3.48,3.56,0,0,0,0,0,0,0,0,0,1,0,0,0,0,"$1,015.00",8617
Philips,60,60,1080,4.04,3.43,3.47,4.53,2.38,3.14,3.46,3.46,0,0,0,0,0,0,0,0,0,1,0,0,0,1,"$1,090.00",8742
Philips,60,120,720,3.62,3.34,3.81,3.76,2.92,2.76,3.51,2.68,0,0,0,0,0,0,0,0,0,1,1,0,0,0,"$1,080.00",8397
Philips,60,120,1080,3.95,3.53,3.64,4.65,3.18,3.38,3.51,3.17,0,0,0,0,0,0,0,0,0,1,1,0,0,1,"$1,110.00",9389
Philips,60,240,720,3.97,3.33,4.01,4.06,2.58,3.57,3.56,3.28,0,0,0,0,0,0,0,0,0,1,0,1,0,0,"$1,085.00",8682
Philips,60,240,1080,3.79,3.38,3.52,4.18,2.83,3.54,3.44,3.23,0,0,0,0,0,0,0,0,0,1,0,1,0,1,"$1,190.00",8910
Philips,60,600,720,4.39,3.34,3.37,4.48,2.68,2.89,3.55,2.99,0,0,0,0,0,0,0,0,0,1,0,0,1,0,"$1,180.00",8476
Philips,60,600,1080,3.42,3.32,3.78,4.38,2.66,2.99,3.52,3.39,0,0,0,0,0,0,0,0,0,1,0,0,1,1,"$1,225.00",8561
Vizio,19,60,720,3.06,3.09,3.16,2.88,3.12,3.49,3.53,2.12,0,0,0,0,0,0,0,0,0,0,0,0,0,0,$350.00,15331
Vizio,19,60,1080,3.34,3.19,2.67,3.25,3.74,3.22,3.24,3,0,0,0,0,0,0,0,0,0,0,0,0,0,1,$440.00,15873
Vizio,19,120,720,2.95,3.09,2.5,2.82,4.07,3.29,4.09,3.83,0,0,0,0,0,0,0,0,0,0,1,0,0,0,$400.00,15675
Vizio,19,120,1080,2.46,3.31,2.44,3.03,3.28,2.76,3.4,3.4,0,0,0,0,0,0,0,0,0,0,1,0,0,1,$460.00,15458
Vizio,19,240,720,2.97,3.13,3.11,3.11,3.02,3.04,3.27,3.52,0,0,0,0,0,0,0,0,0,0,0,1,0,0,$465.00,15096
Vizio,19,240,1080,3.77,3.05,3.78,2.95,3.01,3.32,3.1,3.16,0,0,0,0,0,0,0,0,0,0,0,1,0,1,$540.00,15306
Vizio,19,600,720,3.06,3.11,3.08,2.96,3.1,3.43,3.01,3.05,0,0,0,0,0,0,0,0,0,0,0,0,1,0,$515.00,15160
Vizio,19,600,1080,3.61,3.03,3.2,3.08,3.52,3.32,3.71,3.48,0,0,0,0,0,0,0,0,0,0,0,0,1,1,$560.00,15642
Vizio,26,60,720,3.44,2.95,3.06,2.98,3.13,3.14,3.47,4.13,1,0,0,0,0,0,0,0,0,0,0,0,0,0,$410.00,16101
Vizio,26,60,1080,2.96,3.13,3.09,2.75,4.01,3.93,3.92,3.09,1,0,0,0,0,0,0,0,0,0,0,0,0,1,$485.00,16906
Vizio,26,120,720,3.97,3.12,3.95,3.37,3.06,3.32,3.58,3.77,1,0,0,0,0,0,0,0,0,0,1,0,0,0,$475.00,16316
Vizio,26,120,1080,3.55,3.17,2.69,2.87,2.91,3.09,3.52,2.98,1,0,0,0,0,0,0,0,0,0,1,0,0,1,$520.00,16289
Vizio,26,240,720,3.56,3.02,2.94,3.46,3.42,3.1,2.91,3.03,1,0,0,0,0,0,0,0,0,0,0,1,0,0,$525.00,16132
Vizio,26,240,1080,2.84,3.02,2.73,3.05,3.29,3.37,3.29,3.46,1,0,0,0,0,0,0,0,0,0,0,1,0,1,$585.00,16232
Vizio,26,600,720,2.94,3.05,3.29,3.06,3.39,3.77,3.64,2.84,1,0,0,0,0,0,0,0,0,0,0,0,1,0,$545.00,16362
Vizio,26,600,1080,3.46,3,3.1,3.54,2.36,3.23,3.43,3.58,1,0,0,0,0,0,0,0,0,0,0,0,1,1,$650.00,15808
Vizio,32,60,720,3.68,3.37,2.87,3.23,3.14,3.75,4.11,2.53,0,1,0,0,0,0,0,0,0,0,0,0,0,0,$485.00,17488
Vizio,32,60,1080,3.19,3.14,3.3,3.03,2.47,3.49,2.87,2.23,0,1,0,0,0,0,0,0,0,0,0,0,0,1,$545.00,16894
Vizio,32,120,720,3.88,3.03,2.6,2.9,3.27,3.17,3.53,3.14,0,1,0,0,0,0,0,0,0,0,1,0,0,0,$505.00,16999
Vizio,32,120,1080,3.15,3.14,3.05,2.99,3.51,3.07,3.65,3.33,0,1,0,0,0,0,0,0,0,0,1,0,0,1,$595.00,17233
Vizio,32,240,720,3.49,3.22,3.08,3.27,3.67,3.47,3.31,3.71,0,1,0,0,0,0,0,0,0,0,0,1,0,0,$585.00,17274
Vizio,32,240,1080,3.2,3.17,3.63,3.4,3.5,3.36,3.64,3.25,0,1,0,0,0,0,0,0,0,0,0,1,0,1,$645.00,17453
Vizio,32,600,720,3.64,3.19,3.22,3.16,3.39,3.04,4.26,3.58,0,1,0,0,0,0,0,0,0,0,0,0,1,0,$620.00,17143
Vizio,32,600,1080,3.07,3.15,3.01,3,3.51,3.08,3.18,3.3,0,1,0,0,0,0,0,0,0,0,0,0,1,1,$680.00,17153
Vizio,36,60,720,3.19,2.95,2.46,3.25,3.18,3.62,3.46,3.47,0,0,1,0,0,0,0,0,0,0,0,0,0,0,$515.00,20931
Vizio,36,60,1080,2.6,3.02,2.41,3.35,3.18,3.61,3.03,2.81,0,0,1,0,0,0,0,0,0,0,0,0,0,1,$605.00,20941
Vizio,36,120,720,3.32,3.21,3.24,3.02,3.61,3.28,3.89,3.17,0,0,1,0,0,0,0,0,0,0,1,0,0,0,$595.00,21049
Vizio,36,120,1080,3.24,3.08,2.72,3.58,3.63,3.73,3.12,2.96,0,0,1,0,0,0,0,0,0,0,1,0,0,1,$655.00,21286
Vizio,36,240,720,3.41,3.13,2.9,3.04,3.01,3.26,3.26,3.11,0,0,1,0,0,0,0,0,0,0,0,1,0,0,$615.00,20715
Vizio,36,240,1080,3.34,3.16,2.65,3.42,2.48,3.35,4.17,4.12,0,0,1,0,0,0,0,0,0,0,0,1,0,1,$705.00,20925
Vizio,36,600,720,2.93,3,3.07,3.44,2.28,3.89,3.93,2.64,0,0,1,0,0,0,0,0,0,0,0,0,1,0,$680.00,20564
Vizio,36,600,1080,3.47,3.12,3.09,3.17,2.55,3.18,3.3,3.21,0,0,1,0,0,0,0,0,0,0,0,0,1,1,$740.00,20649
Vizio,40,60,720,4.24,3.06,3.7,3.12,2.8,2.58,4.01,3.07,0,0,0,1,0,0,0,0,0,0,0,0,0,0,$590.00,15534
Vizio,40,60,1080,2.94,2.95,3.73,3.41,3.38,2.88,3.34,3.35,0,0,0,1,0,0,0,0,0,0,0,0,0,1,$680.00,15821
Vizio,40,120,720,3.57,3.14,3.42,2.61,2.89,3.52,3.64,3.92,0,0,0,1,0,0,0,0,0,0,1,0,0,0,$640.00,15632
Vizio,40,120,1080,2.97,3.02,3.43,3.16,3.17,3.31,4.33,3.56,0,0,0,1,0,0,0,0,0,0,1,0,0,1,$700.00,15900
Vizio,40,240,720,2.84,3.05,2.53,3.17,3.35,4.5,4.5,2.94,0,0,0,1,0,0,0,0,0,0,0,1,0,0,$675.00,16065
Vizio,40,240,1080,2.75,2.97,3.51,3.26,2.65,2.83,3.42,2.63,0,0,0,1,0,0,0,0,0,0,0,1,0,1,$750.00,15279
Vizio,40,600,720,3.43,3.04,2.62,2.88,2.86,3.3,3.59,3.54,0,0,0,1,0,0,0,0,0,0,0,0,1,0,$740.00,15297
Vizio,40,600,1080,3.21,3.14,2.36,2.73,2.9,3.42,4.02,2.8,0,0,0,1,0,0,0,0,0,0,0,0,1,1,$800.00,15609
Vizio,42,60,720,3.55,3.26,4.27,2.36,2.88,2.85,3.84,2.91,0,0,0,0,1,0,0,0,0,0,0,0,0,0,$650.00,22295
Vizio,42,60,1080,3.12,2.99,3.13,3.31,3.02,3.83,3.51,3.39,0,0,0,0,1,0,0,0,0,0,0,0,0,1,$725.00,22791
Vizio,42,120,720,2.73,3.13,2.73,3.47,3.51,3.7,3.52,2.59,0,0,0,0,1,0,0,0,0,0,1,0,0,0,$700.00,22796
Vizio,42,120,1080,3.12,3.15,3,3.02,3,4.02,3.29,3.82,0,0,0,0,1,0,0,0,0,0,1,0,0,1,$775.00,22732
Vizio,42,240,720,3.17,3.2,3.03,3.86,3.48,3.68,2.69,3.24,0,0,0,0,1,0,0,0,0,0,0,1,0,0,$735.00,22827
Vizio,42,240,1080,3.44,3.23,2.17,2.96,3.34,1.98,3.54,3.11,0,0,0,0,1,0,0,0,0,0,0,1,0,1,$810.00,22212
Vizio,42,600,720,2.72,2.99,2.71,2.76,3.28,3.01,3.12,3.52,0,0,0,0,1,0,0,0,0,0,0,0,1,0,$785.00,22163
Vizio,42,600,1080,2.46,3.11,3.21,3.11,3.59,3.52,3.51,3.52,0,0,0,0,1,0,0,0,0,0,0,0,1,1,$890.00,22674
Vizio,46,60,720,3.38,3.22,3.01,3.18,4.06,3.07,4.59,3.1,0,0,0,0,0,1,0,0,0,0,0,0,0,0,$725.00,27326
Vizio,46,60,1080,2.89,3.15,2.33,3.35,3.79,3.51,3.61,3.64,0,0,0,0,0,1,0,0,0,0,0,0,0,1,$785.00,27428
Vizio,46,120,720,3,3.24,2.8,3.19,2.57,3.37,4.2,3.35,0,0,0,0,0,1,0,0,0,0,1,0,0,0,$745.00,26754
Vizio,46,120,1080,3.42,3.22,2.94,2.92,3.41,3.18,3.16,3.64,0,0,0,0,0,1,0,0,0,0,1,0,0,1,$850.00,26991
Vizio,46,240,720,3.21,3.33,3.03,2.69,2.7,3.43,4.11,3.31,0,0,0,0,0,1,0,0,0,0,0,1,0,0,$825.00,26641
Vizio,46,240,1080,3.27,2.84,2.33,2.97,2.4,3.61,2.93,3.12,0,0,0,0,0,1,0,0,0,0,0,1,0,1,$900.00,26325
Vizio,46,600,720,3.67,3.07,3.1,2.74,2.72,3.86,3.49,3.9,0,0,0,0,0,1,0,0,0,0,0,0,1,0,$875.00,26559
Vizio,46,600,1080,3.63,3.07,3.61,3.37,2.33,3.04,3.72,2.89,0,0,0,0,0,1,0,0,0,0,0,0,1,1,$920.00,26530
Vizio,49,60,720,3.2,2.96,2.36,3.12,2.75,3.17,3.85,3.45,0,0,0,0,0,0,1,0,0,0,0,0,0,0,$770.00,13311
Vizio,49,60,1080,2.99,3.05,3.18,2.59,3.74,3.11,3.55,4.01,0,0,0,0,0,0,1,0,0,0,0,0,0,1,$845.00,13788
Vizio,49,120,720,2.72,3.24,3.54,3.26,3.01,3.74,3.17,3.03,0,0,0,0,0,0,1,0,0,0,1,0,0,0,$820.00,13624
Vizio,49,120,1080,3.33,3.11,3.15,2.87,4.27,4.03,3.11,3.45,0,0,0,0,0,0,1,0,0,0,1,0,0,1,$895.00,14468
Vizio,49,240,720,4.13,3.2,3.24,3.56,3.36,3.82,3.31,3.33,0,0,0,0,0,0,1,0,0,0,0,1,0,0,$870.00,13967
Vizio,49,240,1080,3.62,3.26,2.81,3.17,3.6,3.94,3.19,3.06,0,0,0,0,0,0,1,0,0,0,0,1,0,1,$960.00,14258
Vizio,49,600,720,3.29,3.07,2.93,3.22,3.14,3.5,3.37,3.2,0,0,0,0,0,0,1,0,0,0,0,0,1,0,$935.00,13550
Vizio,49,600,1080,2.76,3.06,2.54,2.91,3.09,3.08,3.22,3.45,0,0,0,0,0,0,1,0,0,0,0,0,1,1,$995.00,13252
Vizio,52,60,720,2.71,2.97,2.95,3.31,2.89,3.67,4.1,4.13,0,0,0,0,0,0,0,1,0,0,0,0,0,0,$845.00,12850
Vizio,52,60,1080,2.99,3.07,2.78,3.17,3.26,4.09,3.71,3.55,0,0,0,0,0,0,0,1,0,0,0,0,0,1,$905.00,13364
Vizio,52,120,720,1.7,3.03,2.74,3.21,2.61,3.6,3.71,3.1,0,0,0,0,0,0,0,1,0,0,1,0,0,0,$895.00,12426
Vizio,52,120,1080,3.37,3.08,3.58,3.05,2.86,3.77,3.26,2.41,0,0,0,0,0,0,0,1,0,0,1,0,0,1,$970.00,12977
Vizio,52,240,720,3.7,3.08,2.95,3.34,2.77,2.78,3.71,3.3,0,0,0,0,0,0,0,1,0,0,0,1,0,0,$930.00,12555
Vizio,52,240,1080,3.24,3.03,3.25,2.42,3.27,3.63,3.73,3.3,0,0,0,0,0,0,0,1,0,0,0,1,0,1,"$1,005.00",12952
Vizio,52,600,720,3.07,2.99,3.15,3.2,3.81,3.34,3.23,2.88,0,0,0,0,0,0,0,1,0,0,0,0,1,0,$980.00,13040
Vizio,52,600,1080,3.74,3.06,2.59,3.46,4.06,3.62,3.12,3.6,0,0,0,0,0,0,0,1,0,0,0,0,1,1,"$1,055.00",13476
Vizio,55,60,720,3.03,3.1,2.24,3.09,2.5,3.91,2.83,3.36,0,0,0,0,0,0,0,0,1,0,0,0,0,0,$890.00,11684
Vizio,55,60,1080,2.97,3.01,2.43,3.32,3.34,3.14,3.95,3.43,0,0,0,0,0,0,0,0,1,0,0,0,0,1,$965.00,12004
Vizio,55,120,720,3.57,3.14,3.11,2.97,2.94,4,3.2,3.01,0,0,0,0,0,0,0,0,1,0,1,0,0,0,$940.00,11902
Vizio,55,120,1080,3.2,3.09,2.88,3.2,2.77,3.02,3.62,2.93,0,0,0,0,0,0,0,0,1,0,1,0,0,1,"$1,015.00",11710
Vizio,55,240,720,2.95,3.07,3.3,2.97,3.24,3.42,3.63,3.01,0,0,0,0,0,0,0,0,1,0,0,1,0,0,"$1,005.00",11737
Vizio,55,240,1080,3.54,3.19,2.85,3.49,3.01,3.52,3.64,2.76,0,0,0,0,0,0,0,0,1,0,0,1,0,1,"$1,080.00",12121
Vizio,55,600,720,3.01,3.33,2.47,3.29,3.22,3.83,3.34,2.99,0,0,0,0,0,0,0,0,1,0,0,0,1,0,"$1,025.00",12000
Vizio,55,600,1080,3.8,3.18,3.04,3.56,3.51,3.27,3.51,3.49,0,0,0,0,0,0,0,0,1,0,0,0,1,1,"$1,115.00",12217
Vizio,60,60,720,2.95,3.16,3.44,3.14,2.83,3.03,3.48,2.3,0,0,0,0,0,0,0,0,0,1,0,0,0,0,$965.00,8264
Vizio,60,60,1080,2.96,3.1,3.11,3.13,3.14,3.97,4.14,2.49,0,0,0,0,0,0,0,0,0,1,0,0,0,1,"$1,025.00",9041
Vizio,60,120,720,2.95,3.11,2.93,3.24,2.52,3.55,3.14,3.21,0,0,0,0,0,0,0,0,0,1,1,0,0,0,"$1,015.00",8301
Vizio,60,120,1080,3.34,3.16,2.83,3.58,3.05,2.63,3.52,3.33,0,0,0,0,0,0,0,0,0,1,1,0,0,1,"$1,060.00",8693
Vizio,60,240,720,3.72,3.04,3.51,2.43,3.6,3.53,4.03,2.82,0,0,0,0,0,0,0,0,0,1,0,1,0,0,"$1,050.00",8726
Vizio,60,240,1080,3.35,2.95,3.37,2.65,2.5,2.72,3.77,3.41,0,0,0,0,0,0,0,0,0,1,0,1,0,1,"$1,125.00",8077
Vizio,60,600,720,3.51,3.14,2.83,3.53,3.36,3.72,3.16,3.7,0,0,0,0,0,0,0,0,0,1,0,0,1,0,"$1,115.00",8817
Vizio,60,600,1080,3.7,3.03,2.46,3.72,2.66,3.95,3.92,3.47,0,0,0,0,0,0,0,0,0,1,0,0,1,1,"$1,175.00",8728
Sharp,19,60,720,3.37,3.65,3.19,3.11,3.42,3.42,3.37,3.35,0,0,0,0,0,0,0,0,0,0,0,0,0,0,$365.00,15883
Sharp,19,60,1080,3.66,3.37,3.64,3.6,3.57,3.05,3.44,3.07,0,0,0,0,0,0,0,0,0,0,0,0,0,1,$470.00,15774
Sharp,19,120,720,3.42,2.88,2.99,3,3.45,3.39,3.08,3.06,0,0,0,0,0,0,0,0,0,0,1,0,0,0,$430.00,15230
Sharp,19,120,1080,3.54,3.83,3.83,3.78,3.48,3.3,3.44,2.85,0,0,0,0,0,0,0,0,0,0,1,0,0,1,$475.00,16257
Sharp,19,240,720,3.37,3.35,3.83,3.36,3.48,3.32,2.95,3.55,0,0,0,0,0,0,0,0,0,0,0,1,0,0,$495.00,15500
Sharp,19,240,1080,3.03,3.61,3.66,3.74,3.83,3.1,3.37,2.93,0,0,0,0,0,0,0,0,0,0,0,1,0,1,$555.00,15918
Sharp,19,600,720,3.11,3.81,3.23,3.05,2.3,3.16,3.45,2.62,0,0,0,0,0,0,0,0,0,0,0,0,1,0,$530.00,15143
Sharp,19,600,1080,3.25,3.2,4.11,3.76,3.4,3.16,3.32,2.95,0,0,0,0,0,0,0,0,0,0,0,0,1,1,$575.00,15685
Sharp,26,60,720,3.31,3.9,4,3.34,3.3,3.16,3.5,3.64,1,0,0,0,0,0,0,0,0,0,0,0,0,0,$440.00,16784
Sharp,26,60,1080,3.52,3.74,3.32,3.42,3.21,2.76,3.67,3.28,1,0,0,0,0,0,0,0,0,0,0,0,0,1,$500.00,16732
Sharp,26,120,720,3.23,3.56,3.07,3.34,3.46,3.19,2.92,3.09,1,0,0,0,0,0,0,0,0,0,1,0,0,0,$520.00,16308
Sharp,26,120,1080,3.27,3.41,4,3.72,3.61,2.84,2.96,3.26,1,0,0,0,0,0,0,0,0,0,1,0,0,1,$535.00,16690
Sharp,26,240,720,3.45,3.88,3.84,4.17,3.29,3.24,3.21,3.32,1,0,0,0,0,0,0,0,0,0,0,1,0,0,$540.00,16813
Sharp,26,240,1080,3.29,3.65,3.61,3.81,3.41,2.85,3.53,3.33,1,0,0,0,0,0,0,0,0,0,0,1,0,1,$600.00,16759
Sharp,26,600,720,3.15,3.68,3.7,3.46,2.74,3.61,3.5,3.15,1,0,0,0,0,0,0,0,0,0,0,0,1,0,$575.00,16434
Sharp,26,600,1080,3.29,4.33,3.88,3.15,2.95,3.45,3.29,3.89,1,0,0,0,0,0,0,0,0,0,0,0,1,1,$695.00,16726
Sharp,32,60,720,3.26,3.69,3.43,3.48,3.25,3.04,3.57,3.52,0,1,0,0,0,0,0,0,0,0,0,0,0,0,$500.00,17296
Sharp,32,60,1080,3.54,3.87,4.22,3.05,3.33,3.82,4.02,2.46,0,1,0,0,0,0,0,0,0,0,0,0,0,1,$575.00,17865
Sharp,32,120,720,3.44,3.5,3.74,3.42,2.97,3.54,3.08,2.91,0,1,0,0,0,0,0,0,0,0,1,0,0,0,$535.00,17312
Sharp,32,120,1080,3.51,4.06,3.29,3.83,2.93,3.46,3.15,3.19,0,1,0,0,0,0,0,0,0,0,1,0,0,1,$610.00,17755
Sharp,32,240,720,3.31,3.49,3.4,3.42,3.65,2.58,2.85,3.35,0,1,0,0,0,0,0,0,0,0,0,1,0,0,$600.00,17098
Sharp,32,240,1080,3.82,3.22,4.2,3.93,3.45,2.82,3.44,3.11,0,1,0,0,0,0,0,0,0,0,0,1,0,1,$690.00,17261
Sharp,32,600,720,3.42,3.52,3.34,3.25,3.95,2.99,3.64,3.19,0,1,0,0,0,0,0,0,0,0,0,0,1,0,$665.00,17316
Sharp,32,600,1080,3.22,3.01,3.18,3.63,3.62,3.1,3.29,3.1,0,1,0,0,0,0,0,0,0,0,0,0,1,1,$695.00,17220
Sharp,36,60,720,3.14,3.9,4.06,3.58,2.93,2.81,3.73,2.81,0,0,1,0,0,0,0,0,0,0,0,0,0,0,$545.00,21237
Sharp,36,60,1080,3.42,3.16,3.73,2.89,2.51,3.4,3.33,3.84,0,0,1,0,0,0,0,0,0,0,0,0,0,1,$635.00,20731
Sharp,36,120,720,3.32,3.6,4.48,3.24,3.46,3.04,3.47,3.14,0,0,1,0,0,0,0,0,0,0,1,0,0,0,$640.00,21111
Sharp,36,120,1080,3.13,3.79,3.49,3.85,3.31,3.15,3.7,3.9,0,0,1,0,0,0,0,0,0,0,1,0,0,1,$670.00,21598
Sharp,36,240,720,3.31,3.66,3.86,2.99,3.62,3.04,3.58,2.93,0,0,1,0,0,0,0,0,0,0,0,1,0,0,$630.00,21246
Sharp,36,240,1080,3.07,3.63,3.59,3.39,3.77,3.17,3.49,3.12,0,0,1,0,0,0,0,0,0,0,0,1,0,1,$735.00,21411
Sharp,36,600,720,3.54,3.26,3.77,3.06,3.32,3.61,3.83,2.81,0,0,1,0,0,0,0,0,0,0,0,0,1,0,$710.00,20937
Sharp,36,600,1080,3.79,3.5,2.96,3.06,3.46,2.65,3.13,2.94,0,0,1,0,0,0,0,0,0,0,0,0,1,1,$755.00,21033
Sharp,40,60,720,3.55,3.8,3.7,3.08,3.11,2.91,3.26,3.47,0,0,0,1,0,0,0,0,0,0,0,0,0,0,$620.00,15917
Sharp,40,60,1080,3.34,3.29,3.91,3.78,3.88,3.06,3.49,3.43,0,0,0,1,0,0,0,0,0,0,0,0,0,1,$725.00,16146
Sharp,40,120,720,3.67,3.15,3.6,3.45,3.42,3.37,3.29,2.94,0,0,0,1,0,0,0,0,0,0,1,0,0,0,$685.00,15827
Sharp,40,120,1080,3.46,3.31,3.46,3.6,3.19,2.89,3.23,3.25,0,0,0,1,0,0,0,0,0,0,1,0,0,1,$715.00,15916
Sharp,40,240,720,2.96,3.78,3.61,3.23,3.22,3.04,3.62,3.07,0,0,0,1,0,0,0,0,0,0,0,1,0,0,$705.00,16022
Sharp,40,240,1080,3.37,3.44,2.76,3.4,4.13,3.41,3.25,3.45,0,0,0,1,0,0,0,0,0,0,0,1,0,1,$795.00,16354
Sharp,40,600,720,3.42,3.59,4.1,3.78,3.6,2.83,3.52,2.97,0,0,0,1,0,0,0,0,0,0,0,0,1,0,$770.00,16032
Sharp,40,600,1080,3.51,3,3.74,2.94,3.57,3.51,3.34,3.67,0,0,0,1,0,0,0,0,0,0,0,0,1,1,$845.00,15787
Sharp,42,60,720,3.37,3.29,3.82,3.15,3.53,3.3,3.27,2.73,0,0,0,0,1,0,0,0,0,0,0,0,0,0,$695.00,22636
Sharp,42,60,1080,3.63,3.31,3.86,3.86,3.58,3.37,3.54,3.29,0,0,0,0,1,0,0,0,0,0,0,0,0,1,$755.00,23088
Sharp,42,120,720,3.13,3.14,3.71,4.13,3.59,3.2,3.49,2.75,0,0,0,0,1,0,0,0,0,0,1,0,0,0,$745.00,22754
Sharp,42,120,1080,3.89,3.87,4.17,3.1,3.4,2.9,2.81,2.98,0,0,0,0,1,0,0,0,0,0,1,0,0,1,$790.00,23129
Sharp,42,240,720,3.67,3.83,3.15,3.63,4.08,2.72,3.3,2.88,0,0,0,0,1,0,0,0,0,0,0,1,0,0,$750.00,23237
Sharp,42,240,1080,3.35,3.05,3.57,2.95,3.3,3.25,3.08,3.66,0,0,0,0,1,0,0,0,0,0,0,1,0,1,$840.00,22543
Sharp,42,600,720,3.46,3.59,4.03,3.71,3.06,3.41,3.43,3.15,0,0,0,0,1,0,0,0,0,0,0,0,1,0,$830.00,22742
Sharp,42,600,1080,3.23,3.23,3.59,3.5,3.23,3.42,3.18,3.3,0,0,0,0,1,0,0,0,0,0,0,0,1,1,$935.00,22557
Sharp,46,60,720,3.21,3.47,3.86,3.04,3.87,3.17,3.4,2.77,0,0,0,0,0,1,0,0,0,0,0,0,0,0,$740.00,27225
Sharp,46,60,1080,3.42,3.53,2.95,3.65,3.71,3.69,3.78,2.91,0,0,0,0,0,1,0,0,0,0,0,0,0,1,$815.00,27602
Sharp,46,120,720,3.6,4.03,3.74,3.96,3.87,3.26,3.91,3.3,0,0,0,0,0,1,0,0,0,0,1,0,0,0,$775.00,27932
Sharp,46,120,1080,3.59,3.63,4.03,3.39,3.31,3.08,3.64,3.17,0,0,0,0,0,1,0,0,0,0,1,0,0,1,$880.00,27242
Sharp,46,240,720,3.83,3.32,2.7,3.09,3.46,3.23,2.92,3.4,0,0,0,0,0,1,0,0,0,0,0,1,0,0,$840.00,26720
Sharp,46,240,1080,3.33,3.77,3.51,3,2.67,3.02,3.84,3.55,0,0,0,0,0,1,0,0,0,0,0,1,0,1,$945.00,26929
Sharp,46,600,720,3.36,3.78,3.1,2.95,3.78,3.41,3.72,2.92,0,0,0,0,0,1,0,0,0,0,0,0,1,0,$905.00,27241
Sharp,46,600,1080,2.85,3.56,3.19,3.61,3.36,3.67,3.48,2.91,0,0,0,0,0,1,0,0,0,0,0,0,1,1,$935.00,27350
Sharp,49,60,720,3.34,4.19,3.84,3.59,3.42,3.51,4.13,3.34,0,0,0,0,0,0,1,0,0,0,0,0,0,0,$785.00,14649
Sharp,49,60,1080,3.43,3.47,4.04,3.14,3.81,3.27,3.26,3.16,0,0,0,0,0,0,1,0,0,0,0,0,0,1,$860.00,14301
Sharp,49,120,720,3.41,3.38,3.52,3.75,3.29,2.79,3.94,3.2,0,0,0,0,0,0,1,0,0,0,1,0,0,0,$835.00,13850
Sharp,49,120,1080,3.27,3.68,3.39,3.02,3.57,3.01,3.07,2.93,0,0,0,0,0,0,1,0,0,0,1,0,0,1,$925.00,14029
Sharp,49,240,720,3.14,3.13,4.32,4.04,3.11,3.32,3.28,2.92,0,0,0,0,0,0,1,0,0,0,0,1,0,0,$885.00,13719
Sharp,49,240,1080,3.32,3.4,3.57,2.6,3.19,3.18,3.05,3.33,0,0,0,0,0,0,1,0,0,0,0,1,0,1,$990.00,13532
Sharp,49,600,720,3.84,3.36,3.75,3.34,3.62,3.61,3.57,3.67,0,0,0,0,0,0,1,0,0,0,0,0,1,0,$965.00,13991
Sharp,49,600,1080,3.21,3.93,3.46,3.75,3.32,3.4,3.51,3.1,0,0,0,0,0,0,1,0,0,0,0,0,1,1,"$1,010.00",14347
Sharp,52,60,720,3.4,3.73,3.8,3.45,2.77,2.77,3.2,3.53,0,0,0,0,0,0,0,1,0,0,0,0,0,0,$875.00,12928
Sharp,52,60,1080,3.17,3.7,3.11,3.47,3.18,3.39,2.98,3.61,0,0,0,0,0,0,0,1,0,0,0,0,0,1,$935.00,13456
Sharp,52,120,720,3.63,3.8,3.61,3.25,4.56,3.4,2.59,3.52,0,0,0,0,0,0,0,1,0,0,1,0,0,0,$910.00,14017
Sharp,52,120,1080,3.56,3.79,3.25,4.24,3.6,3.73,3.11,3.65,0,0,0,0,0,0,0,1,0,0,1,0,0,1,$985.00,13860
Sharp,52,240,720,3.43,3.53,3.52,3.27,3.49,3.23,2.97,3.31,0,0,0,0,0,0,0,1,0,0,0,1,0,0,$945.00,13136
Sharp,52,240,1080,3.39,3.1,3.88,3.73,3.24,3.28,3.6,2.72,0,0,0,0,0,0,0,1,0,0,0,1,0,1,"$1,050.00",12975
Sharp,52,600,720,3.7,3.02,4.38,3.93,2.67,2.73,3.72,2.95,0,0,0,0,0,0,0,1,0,0,0,0,1,0,$995.00,12559
Sharp,52,600,1080,3.52,3.53,3.42,3.31,3.45,3.06,2.8,3.15,0,0,0,0,0,0,0,1,0,0,0,0,1,1,"$1,085.00",13133
Sharp,55,60,720,3.4,4.02,3.81,4.03,2.17,2.75,2.88,2.76,0,0,0,0,0,0,0,0,1,0,0,0,0,0,$920.00,11905
Sharp,55,60,1080,3.43,3.77,3.42,3.63,3.03,3.16,3.26,3.04,0,0,0,0,0,0,0,0,1,0,0,0,0,1,$995.00,12325
Sharp,55,120,720,3.71,3.83,3.64,2.85,2.82,2.97,3.68,3.58,0,0,0,0,0,0,0,0,1,0,1,0,0,0,$955.00,11957
Sharp,55,120,1080,3.5,4.06,4.71,3.26,3.31,2.81,3.78,2.97,0,0,0,0,0,0,0,0,1,0,1,0,0,1,"$1,045.00",12591
Sharp,55,240,720,3.45,3.37,3.67,3.39,3.83,3.2,3.84,3.26,0,0,0,0,0,0,0,0,1,0,0,1,0,0,"$1,020.00",12310
Sharp,55,240,1080,3.51,3.33,3.36,3.71,3.61,2.95,3.28,3.28,0,0,0,0,0,0,0,0,1,0,0,1,0,1,"$1,110.00",12087
Sharp,55,600,720,3.38,3.85,4,3.74,3.22,3.58,3.2,3.75,0,0,0,0,0,0,0,0,1,0,0,0,1,0,"$1,055.00",12403
Sharp,55,600,1080,3.2,3.3,3.97,3.73,2.75,3.87,3.09,3.12,0,0,0,0,0,0,0,0,1,0,0,0,1,1,"$1,160.00",11928
Sharp,60,60,720,3.47,4.18,2.99,2.87,3.19,3.25,3.57,3.39,0,0,0,0,0,0,0,0,0,1,0,0,0,0,$995.00,9101
Sharp,60,60,1080,3.08,3.79,3.34,2.84,2.93,3.28,3.63,2.83,0,0,0,0,0,0,0,0,0,1,0,0,0,1,"$1,055.00",8859
Sharp,60,120,720,3.26,3.33,3.42,3.99,3.57,2.61,2.94,2.94,0,0,0,0,0,0,0,0,0,1,1,0,0,0,"$1,060.00",8593
Sharp,60,120,1080,3.61,3.41,3.5,3.78,3.17,3.65,3.36,3.3,0,0,0,0,0,0,0,0,0,1,1,0,0,1,"$1,090.00",9150
Sharp,60,240,720,3.26,3.68,3.64,3.61,3.97,3.01,3.24,3.36,0,0,0,0,0,0,0,0,0,1,0,1,0,0,"$1,095.00",9091
Sharp,60,240,1080,3.45,3.73,3.38,4.07,3.35,3.32,3.58,3.06,0,0,0,0,0,0,0,0,0,1,0,1,0,1,"$1,155.00",9268
Sharp,60,600,720,3.36,3.87,3.77,4.19,2.79,3.14,3.74,3.28,0,0,0,0,0,0,0,0,0,1,0,0,1,0,"$1,160.00",8823
Sharp,60,600,1080,3.46,3.62,3.79,3.14,3.43,3.3,3.76,3,0,0,0,0,0,0,0,0,0,1,0,0,1,1,"$1,205.00",9021
Toshiba,19,60,720,3.43,3.24,3.42,3.36,3.06,3.61,3.73,3.92,0,0,0,0,0,0,0,0,0,0,0,0,0,0,$375.00,15623
Toshiba,19,60,1080,2.92,3.3,2.87,3.36,3.47,3.56,3.4,3.3,0,0,0,0,0,0,0,0,0,0,0,0,0,1,$480.00,15670
Toshiba,19,120,720,3.3,2.78,3.04,3.56,3.3,3.71,3.51,3.22,0,0,0,0,0,0,0,0,0,0,1,0,0,0,$425.00,15461
Toshiba,19,120,1080,3.34,2.5,2.94,3.29,3.86,3.34,3.92,3.73,0,0,0,0,0,0,0,0,0,0,1,0,0,1,$500.00,15513
Toshiba,19,240,720,3.77,3.28,2.97,3.36,3.48,3.51,3.57,3.5,0,0,0,0,0,0,0,0,0,0,0,1,0,0,$505.00,15455
Toshiba,19,240,1080,2.76,3.07,2.77,3.77,2.95,3.38,3.49,3.41,0,0,0,0,0,0,0,0,0,0,0,1,0,1,$550.00,15310
Toshiba,19,600,720,3.29,3.09,3.33,3.43,3.58,3.53,3.64,3.44,0,0,0,0,0,0,0,0,0,0,0,0,1,0,$540.00,15539
Toshiba,19,600,1080,2.51,2.98,3.12,3.59,3,3.34,3.55,3.18,0,0,0,0,0,0,0,0,0,0,0,0,1,1,$600.00,15245
Toshiba,26,60,720,3.25,3.01,3.07,3.4,3.48,3.71,3.26,3.71,1,0,0,0,0,0,0,0,0,0,0,0,0,0,$435.00,16353
Toshiba,26,60,1080,3.51,3.67,3.12,3.19,4.38,2.93,3.65,3.26,1,0,0,0,0,0,0,0,0,0,0,0,0,1,$510.00,17203
Toshiba,26,120,720,2.77,3.05,2.96,3.4,3.22,4.11,3.5,3.73,1,0,0,0,0,0,0,0,0,0,1,0,0,0,$485.00,16369
Toshiba,26,120,1080,3.12,3.25,3.03,3.39,3.48,3.32,3.48,3.25,1,0,0,0,0,0,0,0,0,0,1,0,0,1,$545.00,16480
Toshiba,26,240,720,3.69,2.45,3.28,3.54,3.86,3.03,3.65,3.84,1,0,0,0,0,0,0,0,0,0,0,1,0,0,$535.00,16072
Toshiba,26,240,1080,3.86,2.65,3.09,3.4,2.99,3.06,3.54,3.49,1,0,0,0,0,0,0,0,0,0,0,1,0,1,$610.00,15894
Toshiba,26,600,720,3.2,2.87,3.2,3.7,3.9,3.39,3.39,2.47,1,0,0,0,0,0,0,0,0,0,0,0,1,0,$570.00,16439
Toshiba,26,600,1080,3.79,3.14,3.23,3.09,3.24,3.79,3.26,3.35,1,0,0,0,0,0,0,0,0,0,0,0,1,1,$675.00,16246
Toshiba,32,60,720,3.14,3.21,3.31,3.58,3.73,3.12,3.63,3.78,0,1,0,0,0,0,0,0,0,0,0,0,0,0,$510.00,17281
Toshiba,32,60,1080,2.85,3.85,2.99,3.39,3.19,3.53,3.66,3.3,0,1,0,0,0,0,0,0,0,0,0,0,0,1,$585.00,17628
Toshiba,32,120,720,3.16,2.57,2.95,3.69,4.09,3.15,3.54,3.2,0,1,0,0,0,0,0,0,0,0,1,0,0,0,$545.00,17128
Toshiba,32,120,1080,2.5,2.58,3.18,3.51,3.88,3.69,3.52,3.53,0,1,0,0,0,0,0,0,0,0,1,0,0,1,$620.00,17108
Toshiba,32,240,720,2.87,3.02,2.91,3.83,3.13,3.23,3.48,3.84,0,1,0,0,0,0,0,0,0,0,0,1,0,0,$610.00,16927
Toshiba,32,240,1080,2.95,2.84,3.34,3.42,4.13,3.16,3.48,3.62,0,1,0,0,0,0,0,0,0,0,0,1,0,1,$670.00,17215
Toshiba,32,600,720,3.75,2.79,2.89,3.44,3.29,4.05,3.46,3.43,0,1,0,0,0,0,0,0,0,0,0,0,1,0,$645.00,17017
Toshiba,32,600,1080,3.29,3.39,3.32,3.6,3.72,3.48,3.79,3.55,0,1,0,0,0,0,0,0,0,0,0,0,1,1,$705.00,17618
Toshiba,36,60,720,4.02,2.97,3.43,3.71,3.47,3.79,3.73,3.56,0,0,1,0,0,0,0,0,0,0,0,0,0,0,$555.00,21337
Toshiba,36,60,1080,3.38,3.24,2.84,3.26,3.4,3.69,3.43,3.35,0,0,1,0,0,0,0,0,0,0,0,0,0,1,$645.00,21246
Toshiba,36,120,720,3.34,3.16,3.34,2.97,4.21,3.46,3.65,3.52,0,0,1,0,0,0,0,0,0,0,1,0,0,0,$620.00,21277
Toshiba,36,120,1080,3.11,2.62,3.2,3.46,2.78,3.81,3.38,3.4,0,0,1,0,0,0,0,0,0,0,1,0,0,1,$680.00,20683
Toshiba,36,240,720,2.84,3.33,3.12,3.55,2.79,3.37,3.36,3.61,0,0,1,0,0,0,0,0,0,0,0,1,0,0,$655.00,20706
Toshiba,36,240,1080,3.27,3.02,3.05,3.8,3.72,3.56,3.48,3.59,0,0,1,0,0,0,0,0,0,0,0,1,0,1,$730.00,21344
Toshiba,36,600,720,3.05,2.9,3.06,3.45,2.53,2.93,3.54,2.97,0,0,1,0,0,0,0,0,0,0,0,0,1,0,$690.00,20235
Toshiba,36,600,1080,2.58,3.05,3.28,3.52,3.73,3.03,3.39,3.24,0,0,1,0,0,0,0,0,0,0,0,0,1,1,$750.00,20911
Toshiba,40,60,720,3.41,3.22,2.97,3.63,3.92,3.63,3.21,3.03,0,0,0,1,0,0,0,0,0,0,0,0,0,0,$615.00,16170
Toshiba,40,60,1080,3.13,3.43,2.98,3.38,2.81,3.29,3.66,3.43,0,0,0,1,0,0,0,0,0,0,0,0,0,1,$705.00,15748
Toshiba,40,120,720,3.3,3.13,3.72,3.3,3.39,3.28,3.41,2.72,0,0,0,1,0,0,0,0,0,0,1,0,0,0,$680.00,15637
Toshiba,40,120,1080,2.99,2.58,3.42,3.45,3.16,3.52,3.5,3.36,0,0,0,1,0,0,0,0,0,0,1,0,0,1,$725.00,15597
Toshiba,40,240,720,3.47,3.35,3.32,3.14,3.77,2.61,3.62,3.72,0,0,0,1,0,0,0,0,0,0,0,1,0,0,$715.00,15741
Toshiba,40,240,1080,2.96,2.94,3.29,3.6,3.15,3.29,3.52,3.53,0,0,0,1,0,0,0,0,0,0,0,1,0,1,$760.00,15719
Toshiba,40,600,720,3.34,3.65,3.09,3.29,3.72,3.08,3.5,3.82,0,0,0,1,0,0,0,0,0,0,0,0,1,0,$750.00,16083
Toshiba,40,600,1080,3.47,3.28,2.75,3.19,3.09,3.54,3.57,3.4,0,0,0,1,0,0,0,0,0,0,0,0,1,1,$825.00,15796
Toshiba,42,60,720,3.15,3.3,3.06,3.51,3.83,3.41,3.61,3.24,0,0,0,0,1,0,0,0,0,0,0,0,0,0,$675.00,22983
Toshiba,42,60,1080,2.83,3,3.25,3.6,3.55,2.94,3.38,2.85,0,0,0,0,1,0,0,0,0,0,0,0,0,1,$750.00,22572
Toshiba,42,120,720,3.3,2.85,3.23,3.45,2.93,3.37,3.57,4.19,0,0,0,0,1,0,0,0,0,0,1,0,0,0,$710.00,22430
Toshiba,42,120,1080,3.63,2.88,3.42,3.61,2.94,3.33,3.62,3.49,0,0,0,0,1,0,0,0,0,0,1,0,0,1,$785.00,22472
Toshiba,42,240,720,2.33,2.71,3.34,3.65,3.42,3.56,3.57,3.72,0,0,0,0,1,0,0,0,0,0,0,1,0,0,$760.00,22405
Toshiba,42,240,1080,3.25,2.85,3.19,3.64,2.61,3.21,3.2,3.56,0,0,0,0,1,0,0,0,0,0,0,1,0,1,$835.00,22172
Toshiba,42,600,720,3.26,3.45,2.99,3.46,3.77,3,3.73,3.28,0,0,0,0,1,0,0,0,0,0,0,0,1,0,$795.00,22856
Toshiba,42,600,1080,3.34,2.92,3.04,3.55,3.99,3.38,3.29,3.3,0,0,0,0,1,0,0,0,0,0,0,0,1,1,$915.00,22659
Toshiba,46,60,720,3.05,3.08,3.2,3.39,3.66,3.55,3.89,2.64,0,0,0,0,0,1,0,0,0,0,0,0,0,0,$765.00,27066
Toshiba,46,60,1080,3.34,3.57,3.01,3.8,2.94,3.51,3.37,3.1,0,0,0,0,0,1,0,0,0,0,0,0,0,1,$810.00,27274
Toshiba,46,120,720,2.98,2.95,3.01,3.36,3.5,3.6,3.46,3.27,0,0,0,0,0,1,0,0,0,0,1,0,0,0,$770.00,26972
Toshiba,46,120,1080,3.3,3.04,3.39,3.27,4.3,3.12,3.72,3.2,0,0,0,0,0,1,0,0,0,0,1,0,0,1,$875.00,27310
Toshiba,46,240,720,3.66,3.31,3.07,3.37,3.9,3.14,3.23,3.62,0,0,0,0,0,1,0,0,0,0,0,1,0,0,$850.00,27068
Toshiba,46,240,1080,3.16,3.16,2.78,3.36,3.62,3.2,3.59,3.54,0,0,0,0,0,1,0,0,0,0,0,1,0,1,$925.00,26930
Toshiba,46,600,720,2.77,3.24,2.66,3.24,3.75,3.59,3.65,3.25,0,0,0,0,0,1,0,0,0,0,0,0,1,0,$915.00,26884
Toshiba,46,600,1080,3.16,2.99,3.15,3.24,3.94,3.49,3.61,3.04,0,0,0,0,0,1,0,0,0,0,0,0,1,1,$945.00,27166
Toshiba,49,60,720,3.37,3.05,3,3.85,3.48,3.51,3.35,3.63,0,0,0,0,0,0,1,0,0,0,0,0,0,0,$795.00,13870
Toshiba,49,60,1080,3.09,3.59,3.02,3.51,3.36,3.71,3.59,3.38,0,0,0,0,0,0,1,0,0,0,0,0,0,1,$870.00,14278
Toshiba,49,120,720,3.86,3.71,3.07,3.32,3.29,3.6,3.3,3.5,0,0,0,0,0,0,1,0,0,0,1,0,0,0,$860.00,14006
Toshiba,49,120,1080,3.02,3.09,3.11,3.71,3.46,3.35,3.56,3.5,0,0,0,0,0,0,1,0,0,0,1,0,0,1,$920.00,13873
Toshiba,49,240,720,3.03,2.87,2.9,3.31,3.31,3.45,3.39,3.36,0,0,0,0,0,0,1,0,0,0,0,1,0,0,$895.00,13483
Toshiba,49,240,1080,3.85,3.07,3.09,3.81,3.09,4.07,3.54,3.61,0,0,0,0,0,0,1,0,0,0,0,1,0,1,$985.00,14046
Toshiba,49,600,720,3.32,2.93,2.66,3.44,3.03,3.83,3.34,3.47,0,0,0,0,0,0,1,0,0,0,0,0,1,0,$945.00,13560
Toshiba,49,600,1080,3.41,2.88,2.91,3.35,3.64,3.27,3.58,3.41,0,0,0,0,0,0,1,0,0,0,0,0,1,1,"$1,020.00",13738
Toshiba,52,60,720,3.73,2.51,3.02,3.76,3.17,2.84,3.4,3.08,0,0,0,0,0,0,0,1,0,0,0,0,0,0,$855.00,12565
Toshiba,52,60,1080,2.94,2.63,3.16,3.39,3.02,3.28,3.33,3.41,0,0,0,0,0,0,0,1,0,0,0,0,0,1,$930.00,12596
Toshiba,52,120,720,3.13,3.09,3.16,3.5,2.85,3.44,3.06,3.68,0,0,0,0,0,0,0,1,0,0,1,0,0,0,$920.00,12595
Toshiba,52,120,1080,3.55,2.91,3.35,3.65,2.85,2.8,3.59,3.28,0,0,0,0,0,0,0,1,0,0,1,0,0,1,"$1,010.00",12658
Toshiba,52,240,720,2.88,3.5,3.44,3.56,3.67,3.79,3.85,3.52,0,0,0,0,0,0,0,1,0,0,0,1,0,0,$970.00,13458
Toshiba,52,240,1080,3.3,2.54,3.19,3.37,3.25,3.83,3.39,3.59,0,0,0,0,0,0,0,1,0,0,0,1,0,1,"$1,045.00",12796
Toshiba,52,600,720,2.73,2.82,2.93,3.08,3.65,3.4,3.79,4.4,0,0,0,0,0,0,0,1,0,0,0,0,1,0,$990.00,12843
Toshiba,52,600,1080,3.4,3.25,3.21,3.34,3.89,3.28,3.46,3.18,0,0,0,0,0,0,0,1,0,0,0,0,1,1,"$1,080.00",13278
Toshiba,55,60,720,4.09,3.24,3.35,3.64,3.29,3.63,3.34,3.34,0,0,0,0,0,0,0,0,1,0,0,0,0,0,$900.00,12360
Toshiba,55,60,1080,3.13,2.97,3.33,3.72,3.69,3.62,3.52,3.27,0,0,0,0,0,0,0,0,1,0,0,0,0,1,$975.00,12397
Toshiba,55,120,720,3.04,2.8,3.12,3.55,4.56,3.36,3.42,2.94,0,0,0,0,0,0,0,0,1,0,1,0,0,0,$965.00,12238
Toshiba,55,120,1080,3.86,2.39,2.81,3.69,3.27,3.23,3.64,3.46,0,0,0,0,0,0,0,0,1,0,1,0,0,1,"$1,040.00",11654
Toshiba,55,240,720,2.82,2.96,2.84,3.56,3.58,3.48,3.33,3.5,0,0,0,0,0,0,0,0,1,0,0,1,0,0,"$1,015.00",11865
Toshiba,55,240,1080,3.05,3.24,3.03,3.79,3.28,3.96,3.53,3.29,0,0,0,0,0,0,0,0,1,0,0,1,0,1,"$1,090.00",12312
Toshiba,55,600,720,3.19,3.06,3.2,3.8,3.85,2.96,3.56,3.39,0,0,0,0,0,0,0,0,1,0,0,0,1,0,"$1,065.00",12034
Toshiba,55,600,1080,3.44,2.69,2.98,3.38,3.24,3.92,3.53,3.37,0,0,0,0,0,0,0,0,1,0,0,0,1,1,"$1,140.00",11888
Toshiba,60,60,720,2.76,3.39,2.79,3.5,3.23,2.85,3.56,3.31,0,0,0,0,0,0,0,0,0,1,0,0,0,0,$990.00,8480
Toshiba,60,60,1080,2.81,3.32,3.36,3.62,3.67,3.15,3.42,3.14,0,0,0,0,0,0,0,0,0,1,0,0,0,1,"$1,035.00",9091
Toshiba,60,120,720,3.32,3.04,3.01,3.76,3.39,3.57,3.2,3.18,0,0,0,0,0,0,0,0,0,1,1,0,0,0,"$1,040.00",8557
Toshiba,60,120,1080,3.12,3.12,3.3,3.53,3.13,3.73,3.57,3.12,0,0,0,0,0,0,0,0,0,1,1,0,0,1,"$1,070.00",8853
Toshiba,60,240,720,2.53,3.12,3.19,3.4,2.53,3.14,3.31,3.61,0,0,0,0,0,0,0,0,0,1,0,1,0,0,"$1,060.00",8100
Toshiba,60,240,1080,2.51,3.15,2.84,3.49,2.84,3.34,3.72,3.39,0,0,0,0,0,0,0,0,0,1,0,1,0,1,"$1,150.00",8477
Toshiba,60,600,720,2.51,3.33,3.11,3.23,3.18,3.16,3.44,3.5,0,0,0,0,0,0,0,0,0,1,0,0,1,0,"$1,155.00",8337
Toshiba,60,600,1080,3.21,2.99,3.23,3.39,3.72,2.94,3.67,3.19,0,0,0,0,0,0,0,0,0,1,0,0,1,1,"$1,200.00",8663